cate_1_name,cate_2_name,cate_3_name,city_name,comment_cnt,location_id,per_pay,score,shop_id,shop_level
美食,休闲茶饮,饮品/甜点,湖州,12,885,8,4,1,2
超市便利店,超市,,哈尔滨,NaN,64,19,NaN,2,1
美食,休闲茶饮,奶茶,南昌,2,774,5,3,3,0
超市便利店,超市,,天津,NaN,380,18,NaN,4,1
美食,休闲食品,生鲜水果,杭州,2,263,2,2,5,0
美食,烘焙糕点,面包,大连,1,1139,13,3,6,0
美食,快餐,西式快餐,绍兴,9,145,13,3,7,2
美食,休闲食品,生鲜水果,杭州,1,234,16,3,8,0
超市便利店,超市,,杭州,0,1120,15,4,9,1
超市便利店,超市,,孝感,NaN,98,10,NaN,10,0
美食,小吃,其它小吃,上海,1,134,12,3,11,0
美食,中餐,东北菜,宁波,2,786,20,1,12,0
美食,快餐,中式快餐,杭州,2,286,6,0,13,0
美食,快餐,中式快餐,深圳,4,862,7,1,14,2
超市便利店,超市,,西安,NaN,101,19,NaN,15,0
美食,小吃,其它小吃,武汉,3,510,17,3,16,2
美食,快餐,西式快餐,厦门,7,707,15,2,17,2
美食,火锅,麻辣烫/串串香,福州,1,260,7,4,18,0
美食,休闲茶饮,饮品/甜点,上海,5,701,11,3,19,2
美食,汤/粥/煲/砂锅/炖菜,粥,广州,3,251,5,2,20,0
美食,烘焙糕点,蛋糕,上海,1,860,9,3,21,0
美食,烘焙糕点,面包,重庆,3,777,6,2,22,2
超市便利店,便利店,,青岛,0,645,3,3,23,1
美食,其他美食,西餐,温州,2,1058,12,2,24,1
美食,快餐,西式快餐,昆明,9,354,14,3,25,2
美食,快餐,中式快餐,厦门,3,620,12,1,26,1
美食,快餐,中式快餐,济南,2,109,2,3,27,1
美食,快餐,西式快餐,泉州,4,975,14,2,28,2
美食,小吃,米粉/米线,广州,2,552,6,1,29,0
美食,快餐,西式快餐,中山,2,498,7,2,30,2
超市便利店,超市,,北京,NaN,571,18,NaN,31,1
超市便利店,便利店,,杭州,0,789,2,4,32,1
超市便利店,超市,,成都,NaN,1159,20,NaN,33,1
美食,休闲茶饮,奶茶,南京,10,680,4,3,34,0
超市便利店,超市,,东莞,0,296,18,2,35,0
超市便利店,超市,,中山,0,795,17,4,36,0
美食,快餐,西式快餐,上海,4,639,9,3,37,2
超市便利店,便利店,,广州,0,36,2,3,38,0
美食,休闲食品,生鲜水果,上海,6,205,9,2,39,0
超市便利店,超市,,湖州,NaN,1125,18,NaN,40,0
美食,快餐,西式快餐,上海,9,1054,10,3,41,2
美食,休闲茶饮,奶茶,武汉,2,198,1,3,42,0
美食,快餐,西式快餐,上饶,3,102,15,2,43,2
美食,火锅,川味/重庆火锅,郑州,5,1088,20,4,44,2
美食,中餐,川菜,宁波,0,436,16,1,45,0
超市便利店,超市,,南京,0,575,10,0,46,1
超市便利店,便利店,,北京,NaN,322,6,NaN,47,1
超市便利店,超市,,绍兴,NaN,516,18,NaN,48,0
超市便利店,超市,,南通,0,253,19,3,49,1
美食,烘焙糕点,面包,上海,0,93,14,3,50,2
美食,快餐,中式快餐,北京,3,659,12,2,51,2
美食,休闲茶饮,奶茶,绍兴,2,192,7,3,52,0
超市便利店,便利店,,杭州,NaN,264,2,NaN,53,1
超市便利店,超市,,武汉,0,423,9,0,54,1
美食,快餐,西式快餐,上海,8,357,10,3,55,2
美食,快餐,西式快餐,成都,6,55,14,3,56,2
美食,快餐,西式快餐,上海,8,229,14,2,57,2
超市便利店,超市,,杭州,2,1093,19,3,58,1
超市便利店,便利店,,上海,NaN,229,4,NaN,59,1
美食,烘焙糕点,面包,成都,5,730,8,3,60,2
美食,小吃,面点,厦门,1,203,4,3,61,0
美食,快餐,西式快餐,盐城,7,872,15,3,62,2
超市便利店,超市,,温州,NaN,158,17,NaN,63,0
美食,休闲茶饮,冰激凌,成都,6,197,1,4,64,0
超市便利店,超市,,上海,NaN,731,20,NaN,65,1
超市便利店,便利店,,宁波,0,58,2,1,66,1
美食,小吃,面点,南京,2,297,7,1,67,0
超市便利店,便利店,,广州,NaN,490,3,NaN,68,1
休闲娱乐,网吧网咖,,南京,1,422,14,3,69,0
美食,烘焙糕点,蛋糕,北京,2,667,15,4,70,2
美食,烘焙糕点,面包,北京,2,761,9,3,71,1
超市便利店,超市,,广州,0,552,17,4,72,1
超市便利店,超市,,苏州,NaN,780,16,NaN,73,0
美食,快餐,其它快餐,上海,1,898,12,1,74,0
美食,休闲茶饮,奶茶,济南,1,1104,1,4,75,0
美食,烘焙糕点,面包,厦门,1,687,19,3,76,0
美食,休闲茶饮,咖啡厅,宁波,2,429,17,1,77,0
美食,快餐,中式快餐,上海,1,699,8,1,78,0
美食,快餐,中式快餐,上海,3,1033,15,2,79,1
超市便利店,超市,,金华,NaN,874,17,NaN,80,0
美食,休闲食品,生鲜水果,上海,0,943,3,3,81,0
美食,中餐,粤菜,广州,4,47,6,1,82,1
美食,快餐,西式快餐,无锡,5,180,12,3,83,1
美食,烘焙糕点,面包,上海,3,697,11,3,84,0
美食,快餐,西式快餐,苏州,5,138,12,3,85,2
超市便利店,超市,,成都,0,910,19,3,86,1
美食,快餐,中式快餐,福州,1,122,5,2,87,0
美食,快餐,西式快餐,温州,13,665,13,3,88,2
超市便利店,超市,,重庆,0,754,17,4,89,1
美食,烘焙糕点,面包,上海,6,507,15,3,90,2
超市便利店,超市,,福州,NaN,930,18,NaN,91,0
超市便利店,超市,,成都,0,818,19,4,92,1
美食,快餐,中式快餐,深圳,1,813,5,0,93,0
美食,烘焙糕点,其它烘焙糕点,深圳,1,79,10,3,94,0
美食,小吃,面点,济南,1,682,4,3,95,0
美食,小吃,面点,武汉,2,65,1,3,96,0
美食,休闲食品,生鲜水果,廊坊,0,240,4,3,97,0
美食,快餐,中式快餐,广州,1,587,12,1,98,1
美食,休闲食品,生鲜水果,沈阳,1,692,5,4,99,0
美食,快餐,西式快餐,南京,13,215,8,3,100,2
美食,烧烤,中式烧烤,温州,3,585,5,3,101,0
超市便利店,超市,,杭州,NaN,914,13,NaN,102,0
美食,小吃,其它小吃,北京,1,977,4,1,103,0
美食,快餐,西式快餐,福州,5,939,13,2,104,2
美食,快餐,西式快餐,苏州,7,15,14,3,105,2
超市便利店,便利店,,广州,0,309,2,4,106,0
美食,休闲茶饮,奶茶,杭州,3,1093,7,3,107,0
美食,快餐,西式快餐,上海,3,1010,8,2,108,2
超市便利店,便利店,,金华,NaN,622,11,NaN,109,0
超市便利店,便利店,,北京,NaN,982,7,NaN,110,1
美食,休闲茶饮,饮品/甜点,北京,3,430,9,3,111,2
超市便利店,超市,,珠海,0,204,18,3,112,1
超市便利店,超市,,厦门,NaN,1107,1,NaN,113,0
美食,快餐,西式快餐,上海,15,134,9,3,114,2
美食,快餐,中式快餐,杭州,6,89,6,2,115,0
超市便利店,超市,,杭州,NaN,386,2,NaN,116,0
美食,中餐,江浙菜,杭州,3,523,20,0,117,2
美食,快餐,中式快餐,北京,0,652,8,2,118,0
美食,快餐,西式快餐,保定,2,1087,10,3,119,2
超市便利店,超市,,杭州,NaN,1111,14,NaN,120,0
美食,快餐,中式快餐,上海,3,406,8,3,121,2
美食,快餐,其它快餐,上海,1,572,16,3,122,0
美食,休闲食品,生鲜水果,北京,3,114,10,2,123,0
超市便利店,超市,,杭州,0,1094,17,3,124,1
美食,快餐,西式快餐,大连,3,877,11,4,125,2
美食,小吃,其它小吃,成都,0,112,5,3,126,0
美食,快餐,西式快餐,武汉,3,317,13,1,127,1
美食,其他美食,西餐,温州,1,665,20,2,128,2
超市便利店,超市,,宁波,0,46,20,4,129,1
超市便利店,超市,,南京,0,130,18,4,130,1
美食,休闲食品,生鲜水果,武汉,3,917,15,4,131,0
美食,快餐,西式快餐,柳州,2,768,13,3,132,0
美食,快餐,中式快餐,广州,2,494,10,2,133,0
美食,小吃,其它小吃,宁波,1,764,1,3,134,0
美食,休闲茶饮,奶茶,上海,4,828,7,4,135,0
美食,烘焙糕点,面包,武汉,3,510,10,3,136,2
美食,烘焙糕点,面包,宁波,1,436,15,3,137,0
美食,小吃,面点,上海,4,642,16,1,138,0
美食,快餐,西式快餐,上海,4,244,12,3,139,1
超市便利店,便利店,,北京,NaN,1043,5,NaN,140,1
超市便利店,超市,,北京,NaN,658,17,NaN,141,0
超市便利店,便利店,,杭州,NaN,789,2,NaN,142,1
美食,快餐,中式快餐,北京,2,476,3,2,143,0
美食,休闲茶饮,奶茶,上海,2,1054,5,4,144,0
美食,快餐,西式快餐,台州,5,988,15,2,145,2
超市便利店,超市,,福州,NaN,1075,19,NaN,146,1
超市便利店,便利店,,广州,0,552,3,2,147,1
超市便利店,便利店,,武汉,NaN,737,5,NaN,148,0
美食,小吃,其它小吃,厦门,4,955,3,2,149,0
美食,休闲茶饮,饮品/甜点,厦门,2,1080,12,4,150,0
美食,快餐,西式快餐,上海,3,809,9,2,151,1
美食,休闲食品,零食,武汉,1,557,16,3,152,2
超市便利店,超市,,黄冈,NaN,515,17,NaN,153,1
美食,休闲食品,零食,福州,0,330,1,1,154,0
美食,快餐,西式快餐,江门,7,635,7,3,155,2
超市便利店,超市,,惠州,NaN,334,18,NaN,156,0
美食,快餐,西式快餐,北京,7,1154,14,3,157,2
美食,休闲食品,生鲜水果,温州,2,840,8,3,158,0
美食,快餐,西式快餐,金华,6,595,15,3,159,2
超市便利店,便利店,,上海,0,153,2,4,160,1
美食,小吃,其它小吃,南京,2,832,5,2,161,0
超市便利店,便利店,,广州,0,343,2,3,162,0
超市便利店,超市,,杭州,0,778,17,4,163,0
美食,汤/粥/煲/砂锅/炖菜,砂锅/煲类/炖菜,武汉,1,435,1,3,164,0
美食,休闲茶饮,饮品/甜点,南京,1,680,6,4,165,0
美食,其他美食,日韩料理,北京,4,632,19,3,166,0
美食,小吃,其它小吃,宁波,5,252,1,4,167,0
超市便利店,超市,,杭州,NaN,672,10,NaN,168,0
美食,中餐,西北菜,南京,5,434,20,3,169,0
超市便利店,超市,,天津,0,43,18,4,170,1
美食,快餐,西式快餐,上海,7,709,8,3,171,2
超市便利店,超市,,北京,0,1005,19,4,172,1
超市便利店,超市,,南京,NaN,66,16,NaN,173,1
美食,休闲食品,生鲜水果,温州,3,936,2,4,174,0
超市便利店,超市,,武汉,0,435,18,4,175,1
美食,休闲茶饮,奶茶,常州,3,385,6,3,176,0
美食,快餐,西式快餐,上海,5,415,11,3,177,2
超市便利店,超市,,上海,NaN,630,16,NaN,178,0
美食,快餐,中式快餐,嘉兴,3,1136,10,3,179,2
超市便利店,超市,,苏州,NaN,729,16,NaN,180,0
美食,快餐,西式快餐,黄石,6,529,14,2,181,2
美食,快餐,西式快餐,聊城,2,455,11,3,182,2
美食,快餐,西式快餐,北京,12,42,9,3,183,2
美食,中餐,其它地方菜,北京,2,464,17,2,184,0
美食,休闲食品,其它休闲食品,广州,3,522,9,2,185,0
美食,快餐,西式快餐,苏州,9,504,13,3,186,2
美食,快餐,西式快餐,惠州,5,83,8,2,187,2
美食,休闲茶饮,饮品/甜点,苏州,3,990,9,4,188,2
超市便利店,超市,,无锡,NaN,984,17,NaN,189,1
美食,快餐,西式快餐,深圳,4,734,14,1,190,2
美食,快餐,西式快餐,深圳,4,531,7,3,191,1
美食,快餐,西式快餐,东莞,4,858,14,2,192,2
美食,快餐,西式快餐,西安,9,1070,13,3,193,2
美食,休闲茶饮,奶茶,上海,1,1032,5,3,194,0
美食,其他美食,西餐,孝感,4,98,19,1,195,2
美食,快餐,西式快餐,深圳,3,407,15,1,196,2
美食,烘焙糕点,面包,绍兴,2,1063,9,3,197,0
美食,快餐,中式快餐,南京,1,399,8,1,198,0
超市便利店,超市,,苏州,NaN,1034,15,NaN,199,0
美食,快餐,西式快餐,上海,9,478,16,1,200,2
美食,小吃,其它小吃,南京,0,1053,4,3,201,0
美食,休闲食品,生鲜水果,厦门,1,1107,1,2,202,0
超市便利店,超市,,上海,NaN,356,18,NaN,203,1
美食,快餐,西式快餐,佛山,3,738,10,3,204,2
美食,烘焙糕点,蛋糕,杭州,2,280,9,4,205,1
美食,中餐,粤菜,南宁,1,353,20,1,206,2
美食,中餐,川菜,北京,5,396,17,3,207,2
超市便利店,超市,,北京,NaN,580,17,NaN,208,0
美食,休闲茶饮,饮品/甜点,常州,3,743,11,3,209,2
美食,小吃,其它小吃,武汉,7,788,14,3,210,2
美食,快餐,西式快餐,深圳,9,966,12,2,211,2
美食,中餐,江浙菜,南通,1,995,20,1,212,0
美食,休闲食品,生鲜水果,温州,2,1058,1,4,213,0
美食,中餐,江浙菜,深圳,1,1109,20,1,214,2
美食,休闲茶饮,奶茶,北京,7,77,4,3,215,0
美食,烘焙糕点,蛋糕,北京,3,376,14,4,216,2
美食,快餐,西式快餐,杭州,20,1092,13,3,217,2
超市便利店,超市,,北京,NaN,1043,2,NaN,218,1
美食,休闲食品,生鲜水果,温州,1,236,11,3,219,0
美食,中餐,川菜,杭州,2,378,20,3,220,0
美食,烘焙糕点,面包,武汉,2,259,13,3,221,0
美食,休闲食品,零食,南昌,1,774,14,0,222,1
美食,火锅,麻辣烫/串串香,武汉,6,198,20,3,223,0
超市便利店,便利店,,温州,0,442,2,2,224,1
美食,快餐,中式快餐,宁波,1,58,9,0,225,0
美食,快餐,中式快餐,广州,7,928,5,2,226,0
美食,休闲茶饮,饮品/甜点,西安,3,708,6,3,227,0
超市便利店,超市,,南京,0,221,13,4,228,1
美食,快餐,西式快餐,佛山,3,881,9,3,229,2
超市便利店,超市,,福州,NaN,607,14,NaN,230,0
超市便利店,超市,,南京,0,212,17,4,231,1
超市便利店,便利店,,温州,0,841,5,3,232,1
美食,烘焙糕点,面包,杭州,6,264,11,3,233,1
美食,快餐,中式快餐,合肥,2,374,5,0,234,0
美食,休闲茶饮,奶茶,合肥,6,775,5,4,235,0
美食,快餐,中式快餐,苏州,2,63,9,2,236,2
美食,烘焙糕点,面包,南宁,1,1137,10,3,237,0
美食,快餐,中式快餐,北京,3,42,20,2,238,0
美食,快餐,西式快餐,宿迁,6,265,16,3,239,2
美食,快餐,西式快餐,上海,10,544,9,3,240,2
美食,烘焙糕点,面包,上海,2,924,11,3,241,2
美食,休闲食品,生鲜水果,宁波,2,58,13,3,242,0
超市便利店,超市,,漳州,NaN,202,18,NaN,243,1
美食,休闲茶饮,奶茶,广州,2,44,2,3,244,0
美食,休闲食品,零食,绍兴,2,219,6,4,245,0
美食,小吃,其它小吃,武汉,1,324,6,2,246,0
医疗健康,药店,,武汉,1,198,20,3,247,0
美食,烘焙糕点,面包,上海,0,1019,10,3,248,1
美食,快餐,中式快餐,宁波,1,166,16,3,249,0
美食,烧烤,中式烧烤,武汉,2,831,20,1,250,0
美食,快餐,中式快餐,北京,2,94,6,3,251,0
美食,快餐,西式快餐,深圳,7,491,13,3,252,2
美食,中餐,海鲜,北京,3,1150,20,3,253,0
美食,休闲茶饮,奶茶,厦门,1,1107,1,4,254,0
美食,快餐,中式快餐,北京,1,538,11,2,255,0
超市便利店,超市,,南宁,0,76,18,3,256,1
超市便利店,便利店,,北京,NaN,129,6,NaN,257,0
美食,快餐,西式快餐,蚌埠,8,159,12,3,258,2
美食,休闲茶饮,饮品/甜点,苏州,3,685,10,3,259,2
美食,快餐,西式快餐,金华,6,923,15,2,260,2
美食,快餐,西式快餐,南宁,8,1137,15,2,261,2
美食,小吃,其它小吃,宁波,3,150,9,3,262,0
超市便利店,便利店,,杭州,NaN,1091,10,NaN,263,1
美食,休闲食品,生鲜水果,杭州,3,521,8,3,264,0
美食,快餐,中式快餐,长沙,3,394,7,2,265,2
美食,快餐,西式快餐,沈阳,5,128,13,3,266,2
美食,快餐,中式快餐,金华,1,267,6,0,267,0
超市便利店,便利店,,深圳,0,531,3,3,268,0
美食,快餐,中式快餐,上海,1,365,9,1,269,0
美食,快餐,中式快餐,广州,10,928,5,3,270,0
美食,快餐,其它快餐,广州,1,488,5,0,271,0
美食,烘焙糕点,面包,杭州,3,280,1,4,272,0
美食,快餐,西式快餐,济南,9,934,13,3,273,2
美食,快餐,中式快餐,深圳,4,733,7,2,274,2
美食,休闲食品,生鲜水果,广州,2,8,4,3,275,0
超市便利店,超市,,上海,NaN,168,19,NaN,276,1
美食,中餐,西北菜,上海,2,1054,20,3,277,2
美食,快餐,西式快餐,广州,14,343,8,3,278,2
美食,快餐,西式快餐,广州,8,228,13,0,279,0
美食,休闲茶饮,饮品/甜点,武汉,2,812,15,3,280,0
美食,快餐,西式快餐,苏州,10,276,13,3,281,2
超市便利店,便利店,,杭州,0,378,3,3,282,1
美食,中餐,海鲜,大连,9,227,20,4,283,0
美食,休闲茶饮,饮品/甜点,上海,0,924,9,3,284,0
美食,快餐,中式快餐,杭州,11,629,14,2,285,2
美食,中餐,江浙菜,温州,1,837,1,2,286,0
美食,快餐,西式快餐,苏州,13,276,15,3,287,2
美食,其他美食,西餐,上海,2,906,18,3,288,1
美食,快餐,中式快餐,深圳,2,1078,9,3,289,0
超市便利店,便利店,,温州,0,141,6,4,290,1
美食,快餐,其它快餐,上海,1,255,11,3,291,0
超市便利店,便利店,,广州,0,57,3,0,292,0
超市便利店,超市,,福州,0,122,17,3,293,1
美食,汤/粥/煲/砂锅/炖菜,砂锅/煲类/炖菜,南京,3,680,8,3,294,0
美食,休闲茶饮,奶茶,南昌,3,848,1,3,295,0
超市便利店,超市,,成都,NaN,845,18,NaN,296,1
美食,休闲食品,生鲜水果,长沙,2,104,2,2,297,0
超市便利店,超市,,西安,NaN,1020,19,NaN,298,1
美食,快餐,中式快餐,杭州,6,884,8,3,299,2
美食,休闲食品,生鲜水果,杭州,1,72,11,3,300,0
超市便利店,便利店,,重庆,0,486,3,1,301,1
美食,快餐,中式快餐,武汉,0,209,1,0,302,0
美食,快餐,西式快餐,西安,5,708,15,3,303,2
美食,快餐,西式快餐,温州,15,969,15,3,304,2
美食,快餐,西式快餐,广州,7,439,8,3,305,2
美食,快餐,中式快餐,深圳,2,847,3,0,306,0
美食,快餐,西式快餐,绍兴,4,1082,14,3,307,2
美食,小吃,米粉/米线,杭州,0,789,12,4,308,0
美食,快餐,中式快餐,青岛,2,645,6,3,309,0
超市便利店,超市,,深圳,NaN,576,17,NaN,310,1
美食,快餐,中式快餐,北京,5,880,5,3,311,2
美食,快餐,中式快餐,嘉兴,5,1149,7,2,312,2
美食,快餐,中式快餐,深圳,3,983,2,0,313,0
美食,休闲茶饮,咖啡,南京,2,399,15,4,314,0
美食,快餐,西式快餐,上海,7,453,11,3,315,2
美食,休闲茶饮,奶茶,杭州,2,681,2,4,316,0
美食,小吃,其它小吃,苏州,1,902,5,2,317,0
美食,中餐,粤菜,南京,4,680,18,3,318,0
美食,小吃,面点,上海,2,640,1,3,319,0
美食,快餐,西式快餐,合肥,19,337,13,2,320,2
美食,快餐,中式快餐,杭州,1,258,10,1,321,0
超市便利店,便利店,,佛山,0,82,3,1,322,0
美食,快餐,西式快餐,南京,10,680,11,3,323,2
美食,休闲食品,生鲜水果,杭州,3,181,10,3,324,0
美食,快餐,西式快餐,天津,6,30,8,4,325,2
美食,火锅,其它火锅,沈阳,2,929,20,3,326,0
美食,小吃,面点,上海,1,924,17,2,327,1
美食,烘焙糕点,蛋糕,杭州,5,146,12,4,328,2
超市便利店,便利店,,青岛,0,940,5,3,329,1
美食,其他美食,日韩料理,南京,1,680,18,3,330,0
美食,快餐,中式快餐,武汉,1,277,1,0,331,0
美食,快餐,西式快餐,泰州,7,785,12,3,332,2
美食,烘焙糕点,蛋糕,上海,1,609,12,3,333,1
美食,休闲食品,生鲜水果,杭州,1,827,2,3,334,0
美食,快餐,中式快餐,广州,7,47,5,2,335,2
美食,火锅,其它火锅,上海,4,478,19,1,336,0
美食,快餐,西式快餐,佛山,8,559,10,2,337,2
超市便利店,超市,,上海,0,1013,19,2,338,1
美食,休闲茶饮,咖啡厅,济南,3,38,17,4,339,0
美食,休闲食品,生鲜水果,杭州,1,760,18,4,340,0
美食,快餐,西式快餐,宁波,11,133,14,3,341,2
美食,小吃,其它小吃,南京,2,680,2,4,342,0
美食,快餐,西式快餐,佛山,5,536,9,3,343,2
美食,快餐,西式快餐,广州,8,711,8,3,344,2
美食,快餐,西式快餐,丽水,6,432,14,3,345,2
超市便利店,便利店,,温州,0,837,3,4,346,1
美食,快餐,西式快餐,邯郸,3,604,7,3,347,2
超市便利店,超市,,北京,0,540,19,4,348,1
超市便利店,超市,,合肥,NaN,599,12,NaN,349,0
超市便利店,便利店,,北京,NaN,113,6,NaN,350,1
美食,烘焙糕点,面包,南京,2,215,6,3,351,0
超市便利店,便利店,,北京,NaN,139,2,NaN,352,0
美食,小吃,其它小吃,北京,1,538,15,4,353,0
超市便利店,超市,,温州,NaN,1014,14,NaN,354,0
美食,小吃,其它小吃,南京,2,172,7,3,355,0
美食,快餐,西式快餐,广州,9,67,11,2,356,2
超市便利店,超市,,南京,NaN,96,6,NaN,357,0
美食,快餐,西式快餐,上海,4,642,11,3,358,2
美食,快餐,西式快餐,南通,8,187,13,3,359,2
超市便利店,超市,,天津,0,612,18,3,360,1
美食,快餐,中式快餐,南京,2,399,4,2,361,0
美食,快餐,中式快餐,济南,5,69,3,3,362,1
超市便利店,超市,,武汉,0,277,9,4,363,1
美食,中餐,江浙菜,佛山,4,82,20,0,364,0
美食,快餐,西式快餐,广州,4,577,13,2,365,2
美食,休闲食品,其它休闲食品,常州,1,390,3,2,366,0
医疗健康,药店,,上海,1,1119,16,1,367,0
美食,快餐,中式快餐,武汉,0,209,1,0,368,0
美食,快餐,西式快餐,南宁,6,484,10,3,369,2
美食,休闲茶饮,饮品/甜点,上海,8,809,8,3,370,2
超市便利店,超市,,泉州,NaN,1035,20,NaN,371,0
超市便利店,超市,,无锡,NaN,1050,19,NaN,372,0
美食,快餐,西式快餐,贵阳,2,783,11,3,373,2
美食,休闲茶饮,奶茶,武汉,2,290,1,4,374,0
美食,小吃,其它小吃,咸宁,3,320,16,2,375,2
美食,快餐,西式快餐,青岛,3,869,13,3,376,2
超市便利店,便利店,,福州,0,1075,3,4,377,1
美食,快餐,中式快餐,南京,4,669,10,3,378,2
美食,中餐,粤菜,杭州,2,523,20,1,379,0
美食,快餐,西式快餐,绍兴,13,426,14,3,380,2
美食,休闲食品,生鲜水果,杭州,1,303,16,2,381,2
美食,休闲食品,生鲜水果,杭州,3,849,15,3,382,2
美食,快餐,中式快餐,杭州,3,897,5,4,383,0
美食,中餐,粤菜,上海,1,642,19,2,384,0
美食,快餐,西式快餐,福州,2,578,13,1,385,1
美食,快餐,西式快餐,上海,7,781,10,3,386,2
美食,快餐,西式快餐,杭州,2,1091,13,3,387,0
美食,烘焙糕点,面包,北京,3,1038,13,3,388,0
美食,快餐,中式快餐,上海,0,779,5,3,389,0
美食,休闲茶饮,奶茶,北京,3,534,4,3,390,0
美食,快餐,西式快餐,上海,9,1036,15,2,391,2
超市便利店,便利店,,北京,NaN,160,6,NaN,392,1
超市便利店,超市,,深圳,0,1052,18,2,393,1
美食,休闲茶饮,奶茶,徐州,4,689,2,3,394,0
美食,快餐,西式快餐,上海,6,662,10,3,395,2
美食,其他美食,其他餐饮美食,杭州,3,1120,16,4,396,0
美食,烘焙糕点,面包,上海,2,356,15,3,397,1
美食,快餐,西式快餐,北京,3,376,9,3,398,2
美食,快餐,西式快餐,常州,11,743,16,3,399,2
超市便利店,超市,,泉州,NaN,965,15,NaN,400,0
美食,休闲食品,零食,长沙,0,811,14,1,401,0
美食,休闲茶饮,饮品/甜点,上海,6,679,8,3,402,2
美食,中餐,川菜,成都,5,730,20,2,403,0
美食,快餐,西式快餐,上海,7,191,13,3,404,2
超市便利店,便利店,,成都,0,732,4,2,405,0
美食,快餐,中式快餐,杭州,1,485,2,3,406,0
美食,烘焙糕点,面包,上海,6,976,12,3,407,2
超市便利店,超市,,贵阳,NaN,666,20,NaN,408,1
超市便利店,超市,,武汉,0,1027,10,0,409,1
美食,休闲茶饮,奶茶,温州,1,100,2,3,410,0
美食,小吃,其它小吃,南京,1,399,5,3,411,0
美食,中餐,西北菜,广州,1,29,15,2,412,0
美食,快餐,中式快餐,北京,4,574,12,2,413,0
超市便利店,超市,,福州,0,702,19,4,414,1
美食,小吃,面点,上海,0,924,5,1,415,0
美食,其他美食,西餐,深圳,3,1052,19,3,416,0
美食,快餐,西式快餐,辽阳,4,1056,13,4,417,2
美食,快餐,西式快餐,常州,9,570,14,3,418,2
美食,快餐,西式快餐,广州,2,686,16,3,419,2
超市便利店,便利店,,广州,0,327,3,4,420,1
美食,烧烤,中式烧烤,绍兴,2,214,20,1,421,2
美食,休闲食品,生鲜水果,长沙,6,1012,16,3,422,1
美食,休闲茶饮,奶茶,武汉,3,1128,4,3,423,0
超市便利店,超市,,广州,0,465,16,1,424,1
美食,中餐,西北菜,上海,4,809,19,3,425,0
美食,小吃,其它小吃,上海,2,229,16,2,426,0
美食,其他美食,日韩料理,上海,2,642,20,3,427,0
美食,休闲茶饮,饮品/甜点,厦门,1,1103,2,2,428,0
美食,快餐,西式快餐,株洲,4,6,14,3,429,2
超市便利店,便利店,,深圳,NaN,195,5,NaN,430,0
美食,快餐,西式快餐,东莞,5,913,9,2,431,2
美食,休闲茶饮,饮品/甜点,沈阳,2,952,16,3,432,0
超市便利店,超市,,深圳,0,733,10,2,433,1
美食,中餐,湖北菜,武汉,0,269,20,1,434,0
超市便利店,超市,,合肥,NaN,99,19,NaN,435,1
美食,快餐,西式快餐,武汉,9,608,8,3,436,2
美食,快餐,中式快餐,深圳,1,562,8,0,437,0
休闲娱乐,网吧网咖,,杭州,0,1120,12,3,438,0
美食,中餐,江浙菜,金华,2,45,12,1,439,0
超市便利店,便利店,,杭州,NaN,131,6,NaN,440,0
超市便利店,超市,,上海,0,427,19,3,441,1
美食,快餐,西式快餐,天津,8,1123,11,3,442,2
美食,火锅,麻辣烫/串串香,上海,1,1061,13,2,443,0
美食,休闲食品,生鲜水果,无锡,1,177,15,3,444,0
美食,其他美食,其他餐饮美食,武汉,1,37,7,2,445,0
超市便利店,超市,,荆州,0,482,18,4,446,1
美食,快餐,中式快餐,广州,5,552,5,1,447,2
超市便利店,便利店,,北京,NaN,916,6,NaN,448,1
美食,休闲茶饮,冰激凌,温州,1,1129,17,3,449,0
超市便利店,超市,,无锡,NaN,782,14,NaN,450,0
美食,火锅,川味/重庆火锅,杭州,6,405,20,4,451,2
超市便利店,超市,,杭州,NaN,756,7,NaN,452,0
美食,快餐,其它快餐,上海,2,830,15,3,453,0
超市便利店,便利店,,广州,0,1124,2,4,454,0
美食,休闲食品,生鲜水果,杭州,6,264,17,3,455,2
美食,快餐,西式快餐,广州,5,257,7,2,456,2
美食,其他美食,日韩料理,杭州,1,250,7,3,457,0
美食,快餐,西式快餐,济南,8,767,14,2,458,2
美食,其他美食,自助餐,南京,2,673,20,1,459,0
美食,中餐,其它地方菜,杭州,2,261,4,2,460,0
美食,烘焙糕点,面包,北京,0,86,15,3,461,1
美食,快餐,西式快餐,济南,4,23,8,3,462,2
超市便利店,超市,,武汉,NaN,861,16,NaN,463,0
美食,快餐,西式快餐,北京,4,696,10,3,464,2
超市便利店,超市,,上海,0,346,19,3,465,1
美食,休闲茶饮,饮品/甜点,武汉,3,1007,18,3,466,0
超市便利店,超市,,泉州,NaN,965,17,NaN,467,1
美食,快餐,西式快餐,广州,7,757,13,3,468,2
美食,快餐,中式快餐,北京,1,696,5,3,469,0
美食,小吃,其它小吃,上海,1,639,6,4,470,0
美食,休闲食品,美食特产,南京,1,399,10,3,471,0
美食,快餐,西式快餐,南京,12,377,9,4,472,2
美食,快餐,中式快餐,北京,0,916,5,2,473,0
美食,休闲食品,生鲜水果,杭州,0,797,6,3,474,0
超市便利店,超市,,广州,0,155,16,3,475,1
美食,小吃,其它小吃,杭州,1,378,9,3,476,0
美食,小吃,面点,杭州,1,287,11,2,477,0
美食,休闲食品,生鲜水果,深圳,2,810,14,3,478,2
超市便利店,超市,,北京,NaN,727,16,NaN,479,0
美食,快餐,西式快餐,珠海,4,664,15,2,480,2
超市便利店,超市,,武汉,0,776,9,4,481,1
美食,快餐,西式快餐,太原,7,925,15,3,482,2
超市便利店,便利店,,广州,0,473,4,4,483,0
美食,休闲食品,零食,南京,2,796,20,4,484,0
美食,休闲食品,生鲜水果,杭州,2,181,12,1,485,0
超市便利店,便利店,,苏州,NaN,398,4,NaN,486,0
美食,休闲食品,生鲜水果,上海,1,453,15,3,487,2
超市便利店,超市,,北京,NaN,1141,10,NaN,488,0
超市便利店,便利店,,温州,0,1029,4,0,489,1
美食,休闲茶饮,冰激凌,哈尔滨,1,451,16,4,490,0
超市便利店,超市,,北京,0,94,18,0,491,1
超市便利店,便利店,,南京,0,377,8,4,492,1
美食,烘焙糕点,面包,厦门,0,10,1,2,493,0
美发/美容/美甲,美容美发,,北京,2,889,20,3,494,1
美食,快餐,中式快餐,广州,2,552,17,0,495,0
美食,小吃,其它小吃,上海,2,478,10,3,496,0
美食,小吃,其它小吃,武汉,1,606,16,2,497,2
美食,休闲食品,生鲜水果,南京,2,1126,4,3,498,0
美食,快餐,西式快餐,濮阳,5,163,14,3,499,2
美食,烧烤,中式烧烤,杭州,5,264,20,2,500,2
美食,休闲茶饮,饮品/甜点,济南,1,528,1,4,501,0
美食,快餐,西式快餐,厦门,9,620,13,3,502,2
美食,快餐,中式快餐,苏州,3,48,13,2,503,1
超市便利店,便利店,,长沙,0,650,7,4,504,0
超市便利店,便利店,,广州,0,932,3,4,505,0
美食,烘焙糕点,面包,北京,1,632,15,3,506,1
美食,休闲食品,生鲜水果,福州,4,425,2,3,507,0
超市便利店,便利店,,北京,NaN,836,7,NaN,508,1
美食,小吃,其它小吃,南昌,3,1135,16,2,509,2
超市便利店,便利店,,温州,0,969,4,4,510,1
美食,快餐,西式快餐,淮安,11,447,14,3,511,2
美食,休闲茶饮,奶茶,武汉,2,1024,1,3,512,0
美食,小吃,面点,北京,3,367,5,3,513,0
美食,休闲食品,生鲜水果,杭州,1,884,11,2,514,0
超市便利店,便利店,,中山,0,660,2,0,515,0
美食,小吃,其它小吃,苏州,1,922,5,2,516,0
超市便利店,超市,,苏州,0,902,17,4,517,1
美食,烘焙糕点,面包,常州,1,452,12,3,518,1
美食,快餐,西式快餐,上海,4,864,11,3,519,2
超市便利店,便利店,,淮北,0,493,5,3,520,1
美食,快餐,西式快餐,上海,3,478,13,1,521,2
美食,中餐,江浙菜,深圳,6,991,20,2,522,2
美食,快餐,其它快餐,无锡,0,766,17,1,523,1
美食,小吃,其它小吃,杭州,0,378,6,3,524,0
美食,休闲食品,生鲜水果,广州,3,335,12,3,525,2
美食,快餐,西式快餐,无锡,7,1067,12,3,526,2
美食,小吃,面点,杭州,1,303,9,3,527,0
超市便利店,超市,,宁波,0,723,19,3,528,1
美食,快餐,中式快餐,南京,1,527,10,1,529,0
美食,快餐,中式快餐,深圳,6,847,3,0,530,0
美食,快餐,西式快餐,嘉兴,9,753,13,3,531,2
美食,休闲食品,生鲜水果,杭州,0,89,9,3,532,0
超市便利店,便利店,,深圳,NaN,1109,3,NaN,533,0
美食,休闲茶饮,冰激凌,杭州,4,1093,11,3,534,1
超市便利店,超市,,西安,NaN,942,18,NaN,535,1
超市便利店,超市,,上海,NaN,545,11,NaN,536,0
美食,快餐,西式快餐,扬州,4,547,14,3,537,1
美食,休闲茶饮,冰激凌,北京,1,1130,10,3,538,0
美食,快餐,西式快餐,福州,4,1,9,3,539,2
超市便利店,超市,,温州,0,174,7,4,540,0
超市便利店,便利店,,温州,0,239,2,4,541,1
美食,快餐,中式快餐,杭州,1,908,9,1,542,0
美食,小吃,其它小吃,南京,1,399,2,3,543,0
美食,小吃,其它小吃,绍兴,4,418,10,3,544,0
美食,休闲食品,零食,广州,1,228,9,2,545,0
美食,快餐,西式快餐,佛山,4,1122,10,3,546,2
美食,休闲茶饮,饮品/甜点,厦门,1,10,1,3,547,0
美食,快餐,西式快餐,上海,6,1054,10,3,548,2
美食,烘焙糕点,面包,常州,3,385,17,4,549,0
美食,火锅,麻辣烫/串串香,上海,1,1110,14,3,550,0
美食,烘焙糕点,面包,上海,1,554,10,2,551,1
美食,小吃,面点,杭州,2,740,9,2,552,0
超市便利店,超市,,蚌埠,NaN,958,12,NaN,553,0
美食,其他美食,自助餐,福州,2,35,20,2,554,0
美食,休闲食品,生鲜水果,杭州,2,131,7,4,555,0
超市便利店,便利店,,温州,0,170,5,2,556,1
美食,快餐,中式快餐,广州,15,57,7,3,557,0
美食,休闲食品,生鲜水果,广州,4,800,7,2,558,0
美食,快餐,中式快餐,福州,1,122,3,2,559,0
美食,小吃,其它小吃,武汉,7,915,19,3,560,2
超市便利店,超市,,苏州,NaN,456,1,NaN,561,0
美食,中餐,其它地方菜,杭州,0,378,6,3,562,0
美食,快餐,西式快餐,龙岩,2,95,10,3,563,2
美食,快餐,西式快餐,宁波,9,762,16,2,564,2
美食,快餐,西式快餐,上海,7,406,8,3,565,2
美食,快餐,西式快餐,合肥,7,817,12,3,566,2
超市便利店,便利店,,北京,NaN,617,5,NaN,567,0
美食,快餐,西式快餐,湖州,7,1105,14,3,568,2
美食,烘焙糕点,面包,福州,1,851,2,2,569,0
美食,快餐,西式快餐,湖州,12,899,6,3,570,2
美食,快餐,中式快餐,上海,3,679,6,2,571,0
美食,休闲茶饮,奶茶,杭州,7,1093,6,4,572,0
美食,快餐,西式快餐,沈阳,4,475,15,4,573,2
美食,其他美食,日韩料理,上海,1,1032,19,3,574,0
美食,快餐,中式快餐,杭州,2,1091,10,1,575,0
美食,快餐,西式快餐,镇江,4,438,13,3,576,2
超市便利店,超市,,金华,NaN,437,20,NaN,577,1
超市便利店,便利店,,广州,0,343,3,2,578,0
美食,快餐,其它快餐,上海,3,1113,15,2,579,0
超市便利店,超市,,宁波,0,759,19,3,580,1
超市便利店,便利店,,上海,0,1023,2,4,581,1
美食,休闲茶饮,奶茶,苏州,1,421,5,3,582,0
美食,快餐,西式快餐,武汉,4,435,13,2,583,2
超市便利店,超市,,襄阳,0,593,17,0,584,1
美食,休闲茶饮,饮品/甜点,上海,3,544,7,3,585,2
美食,小吃,面点,南京,3,680,8,3,586,0
超市便利店,超市,,郑州,NaN,74,19,NaN,587,1
美食,中餐,香锅/烤鱼,台州,1,84,20,1,588,0
美食,快餐,西式快餐,金华,4,1157,16,3,589,2
超市便利店,超市,,福州,0,122,11,0,590,0
美食,快餐,西式快餐,咸阳,5,931,14,3,591,2
超市便利店,超市,,常州,NaN,1079,17,NaN,592,1
美食,休闲食品,其它休闲食品,南京,7,399,9,3,593,0
美食,休闲茶饮,奶茶,济南,2,23,12,3,594,1
美食,休闲茶饮,奶茶,杭州,3,386,1,4,595,0
美食,快餐,西式快餐,东莞,3,1055,13,2,596,2
美食,烘焙糕点,面包,南京,2,96,10,3,597,0
超市便利店,便利店,,北京,NaN,535,7,NaN,598,0
美食,休闲食品,生鲜水果,杭州,0,275,16,3,599,0
美食,快餐,其它快餐,上海,6,906,13,3,600,0
超市便利店,超市,,成都,NaN,1159,20,NaN,601,0
超市便利店,便利店,,深圳,NaN,991,2,NaN,602,1
超市便利店,便利店,,杭州,NaN,865,3,NaN,603,1
美食,快餐,中式快餐,上海,0,168,15,0,604,0
超市便利店,超市,,孝感,NaN,1022,17,NaN,605,1
超市便利店,超市,,哈尔滨,NaN,350,18,NaN,606,1
美食,休闲食品,生鲜水果,杭州,2,835,10,2,607,0
超市便利店,超市,,金华,0,3,17,4,608,0
超市便利店,超市,,无锡,NaN,586,14,NaN,609,0
美食,快餐,西式快餐,郑州,7,957,12,3,610,2
超市便利店,超市,,广州,NaN,242,11,NaN,611,0
美食,休闲食品,其它休闲食品,杭州,1,850,4,3,612,0
超市便利店,超市,,佛山,0,648,17,3,613,0
美食,快餐,中式快餐,上海,5,948,8,3,614,2
美食,快餐,西式快餐,常州,4,1079,13,3,615,2
美食,中餐,粤菜,深圳,3,194,19,2,616,0
美食,休闲茶饮,奶茶,厦门,1,1107,2,4,617,0
超市便利店,便利店,,上海,0,554,2,4,618,1
美食,烧烤,中式烧烤,深圳,5,966,20,0,619,2
美食,烘焙糕点,蛋糕,上海,2,662,4,3,620,0
美食,快餐,中式快餐,广州,1,928,3,0,621,0
美食,快餐,西式快餐,阜阳,5,951,14,2,622,2
美食,快餐,中式快餐,北京,3,51,16,3,623,0
超市便利店,超市,,南京,NaN,73,17,NaN,624,1
超市便利店,超市,,重庆,NaN,419,17,NaN,625,1
超市便利店,超市,,南京,NaN,859,3,NaN,626,0
超市便利店,便利店,,北京,NaN,199,5,NaN,627,1
美食,快餐,西式快餐,北京,8,601,9,3,628,2
美食,休闲茶饮,饮品/甜点,上海,4,846,10,3,629,2
超市便利店,超市,,江门,NaN,894,17,NaN,630,0
超市便利店,便利店,,杭州,0,884,3,3,631,1
美食,休闲食品,生鲜水果,南昌,1,964,2,4,632,0
美食,快餐,中式快餐,南京,1,401,7,1,633,0
超市便利店,超市,,上海,0,643,10,0,634,0
美食,休闲茶饮,饮品/甜点,武汉,1,1018,1,3,635,0
美食,小吃,面点,常州,2,31,1,4,636,0
超市便利店,超市,,武汉,0,259,8,4,637,1
美食,休闲茶饮,饮品/甜点,深圳,9,862,15,4,638,0
美食,休闲茶饮,饮品/甜点,常州,5,321,9,3,639,2
美食,小吃,其它小吃,北京,3,113,17,4,640,0
超市便利店,便利店,,珠海,NaN,28,5,NaN,641,1
美食,小吃,其它小吃,杭州,3,1093,4,2,642,0
超市便利店,便利店,,温州,0,61,5,4,643,1
美食,小吃,其它小吃,广州,1,36,7,3,644,0
超市便利店,便利店,,广州,0,552,2,1,645,1
美食,休闲食品,生鲜水果,南京,1,175,3,4,646,0
超市便利店,超市,,达州,NaN,518,19,NaN,647,1
美食,休闲食品,其它休闲食品,南京,2,680,8,3,648,0
超市便利店,便利店,,杭州,0,110,3,4,649,1
超市便利店,超市,,广州,0,911,18,3,650,1
美食,快餐,中式快餐,杭州,5,280,3,2,651,0
超市便利店,超市,,杭州,0,850,19,4,652,1
超市便利店,便利店,,温州,0,722,5,4,653,1
美食,休闲食品,生鲜水果,郑州,1,829,2,2,654,0
超市便利店,便利店,,佛山,0,304,4,4,655,0
美食,休闲茶饮,奶茶,杭州,4,897,1,4,656,0
美食,快餐,西式快餐,昆明,3,1152,10,3,657,2
美食,小吃,其它小吃,上海,3,1032,7,3,658,0
美食,快餐,中式快餐,深圳,3,195,7,2,659,2
美食,休闲食品,生鲜水果,上海,3,1113,14,4,660,2
美食,火锅,其它火锅,北京,3,479,18,3,661,2
美食,小吃,面点,杭州,2,815,5,3,662,0
美食,休闲茶饮,奶茶,上海,3,709,4,3,663,2
美食,快餐,西式快餐,哈尔滨,6,397,15,3,664,2
美食,中餐,江浙菜,杭州,2,1093,20,1,665,1
美食,快餐,西式快餐,成都,3,816,15,2,666,1
美食,快餐,中式快餐,杭州,5,287,11,1,667,0
美食,快餐,西式快餐,杭州,10,283,16,1,668,2
美食,小吃,米粉/米线,佛山,2,1143,7,2,669,0
美食,快餐,西式快餐,苏州,9,306,12,3,670,2
超市便利店,超市,,成都,0,446,19,4,671,1
美食,烘焙糕点,蛋糕,杭州,2,523,16,3,672,0
超市便利店,超市,,十堰,NaN,565,17,NaN,673,1
美食,快餐,中式快餐,深圳,3,165,2,0,674,0
美食,快餐,西式快餐,梧州,6,164,4,3,675,2
美食,快餐,西式快餐,上海,7,414,13,3,676,2
美食,烘焙糕点,面包,深圳,2,1109,8,2,677,1
超市便利店,便利店,,广州,0,47,2,4,678,1
超市便利店,超市,,温州,NaN,1006,17,NaN,679,1
美食,中餐,台湾菜,厦门,0,21,2,2,680,0
美食,快餐,西式快餐,福州,5,765,15,2,681,2
超市便利店,超市,,常州,0,121,19,2,682,1
美食,中餐,闽菜,广州,2,552,20,1,683,0
美食,快餐,西式快餐,沈阳,4,598,7,4,684,2
超市便利店,超市,,北京,NaN,403,12,NaN,685,0
美食,休闲茶饮,饮品/甜点,上海,5,519,9,3,686,2
超市便利店,超市,,黄石,0,316,17,4,687,1
超市便利店,便利店,,广州,NaN,792,2,NaN,688,1
美食,快餐,中式快餐,上海,4,417,18,2,689,2
超市便利店,超市,,上海,NaN,293,18,NaN,690,1
超市便利店,超市,,北京,NaN,717,18,NaN,691,1
美食,快餐,西式快餐,日照,10,103,13,3,692,2
美食,中餐,湘菜,武汉,0,557,5,2,693,0
美食,快餐,中式快餐,上海,1,924,11,1,694,0
美食,中餐,西北菜,杭州,9,264,20,3,695,2
超市便利店,便利店,,上海,NaN,839,6,NaN,696,0
美食,快餐,西式快餐,南京,1,52,2,4,697,0
超市便利店,超市,,上海,NaN,266,8,NaN,698,0
美食,快餐,中式快餐,上海,1,906,5,1,699,0
美食,烘焙糕点,蛋糕,南京,1,739,1,4,700,0
美食,快餐,中式快餐,南京,1,469,10,1,701,0
美食,快餐,西式快餐,杭州,5,250,11,3,702,1
美食,快餐,中式快餐,大连,3,495,3,3,703,0
美食,休闲茶饮,饮品/甜点,成都,8,641,6,4,704,2
美食,其他美食,西餐,杭州,3,740,20,3,705,2
美食,快餐,中式快餐,杭州,0,927,14,2,706,0
美食,火锅,麻辣烫/串串香,深圳,1,991,11,0,707,0
美食,快餐,西式快餐,深圳,7,281,10,2,708,2
美食,小吃,面点,上海,3,921,17,2,709,1
美食,快餐,西式快餐,深圳,8,991,11,3,710,2
美食,快餐,中式快餐,台州,1,926,15,3,711,0
超市便利店,超市,,厦门,0,716,20,4,712,1
美食,快餐,中式快餐,上海,4,420,10,2,713,2
超市便利店,超市,,合肥,NaN,1044,20,NaN,714,1
美食,快餐,西式快餐,南京,19,149,13,3,715,2
美食,快餐,中式快餐,南京,2,680,11,2,716,2
美食,休闲茶饮,奶茶,南京,3,434,4,3,717,0
美食,休闲食品,生鲜水果,合肥,1,374,3,2,718,0
超市便利店,超市,,武汉,0,298,18,4,719,1
超市便利店,便利店,,广州,0,335,2,3,720,1
美食,休闲食品,其它休闲食品,南昌,1,179,1,2,721,0
美食,小吃,面点,杭州,3,378,8,3,722,0
美食,休闲茶饮,饮品/甜点,上海,4,554,8,3,723,0
美食,快餐,西式快餐,惠州,3,1074,11,3,724,2
美食,休闲茶饮,饮品/甜点,金华,2,3,11,4,725,2
美食,烘焙糕点,蛋糕,天津,6,992,9,4,726,2
美食,烧烤,中式烧烤,深圳,6,531,20,0,727,2
超市便利店,超市,,深圳,NaN,233,17,NaN,728,0
美食,快餐,西式快餐,扬州,15,806,13,3,729,2
超市便利店,超市,,东莞,0,1031,18,1,730,0
超市便利店,便利店,,广州,0,710,1,0,731,1
美食,休闲茶饮,奶茶,温州,2,1129,6,3,732,1
美食,休闲食品,其它休闲食品,福州,1,425,1,3,733,0
美食,快餐,西式快餐,北京,6,968,15,3,734,2
美食,小吃,米粉/米线,南宁,1,1137,5,3,735,0
超市便利店,超市,,上海,0,218,17,4,736,1
美食,快餐,西式快餐,广州,17,132,9,2,737,2
美食,烘焙糕点,蛋糕,温州,4,80,12,3,738,0
超市便利店,超市,,南宁,0,1137,19,4,739,1
美食,快餐,西式快餐,杭州,4,871,17,3,740,2
超市便利店,超市,,南京,0,1126,19,4,741,1
美食,烘焙糕点,蛋糕,上海,4,417,4,3,742,0
超市便利店,便利店,,北京,0,430,4,4,743,0
美食,快餐,西式快餐,徐州,5,373,9,3,744,2
美食,小吃,面点,上海,1,679,5,1,745,0
美食,快餐,西式快餐,广州,5,235,9,3,746,2
超市便利店,超市,,苏州,NaN,790,18,NaN,747,1
美食,休闲茶饮,奶茶,长沙,5,511,8,4,748,0
超市便利店,便利店,,合肥,NaN,1021,5,NaN,749,0
美食,快餐,西式快餐,宁波,9,891,13,3,750,2
美食,休闲茶饮,奶茶,南京,1,107,2,4,751,0
美食,休闲茶饮,奶茶,深圳,2,991,15,4,752,0
美食,快餐,西式快餐,济南,4,767,11,3,753,2
美食,休闲食品,生鲜水果,杭州,0,827,2,4,754,0
超市便利店,超市,,南平,NaN,140,18,NaN,755,1
美食,烘焙糕点,蛋糕,杭州,3,760,9,3,756,2
超市便利店,超市,,重庆,NaN,997,18,NaN,757,1
超市便利店,便利店,,杭州,NaN,749,4,NaN,758,1
美食,休闲茶饮,奶茶,上海,2,882,5,4,759,0
美食,休闲茶饮,饮品/甜点,武汉,4,259,1,3,760,0
美食,快餐,中式快餐,深圳,1,194,14,0,761,0
超市便利店,超市,,石家庄,NaN,333,19,NaN,762,0
美食,小吃,熟食,绍兴,3,167,3,3,763,0
美食,烘焙糕点,面包,绍兴,1,167,9,3,764,1
美食,休闲茶饮,饮品/甜点,上海,3,255,7,3,765,2
超市便利店,超市,,重庆,NaN,472,19,NaN,766,0
美食,快餐,西式快餐,汕尾,5,467,13,3,767,2
美食,休闲食品,零食,金华,1,53,5,4,768,0
美食,快餐,西式快餐,杭州,3,834,11,2,769,2
美食,休闲茶饮,饮品/甜点,杭州,2,349,7,3,770,1
美食,快餐,西式快餐,南宁,4,336,6,3,771,2
美食,烘焙糕点,面包,天津,5,625,15,4,772,2
美食,快餐,西式快餐,南京,11,919,13,3,773,2
超市便利店,超市,,天门,NaN,313,19,NaN,774,1
美食,快餐,西式快餐,北京,11,713,10,3,775,2
超市便利店,超市,,重庆,NaN,1148,18,NaN,776,1
美食,快餐,中式快餐,杭州,2,1094,6,0,777,0
美食,小吃,其它小吃,上海,1,937,11,2,778,0
美食,休闲茶饮,奶茶,宁波,2,252,1,3,779,0
超市便利店,便利店,,温州,0,505,5,4,780,1
美食,快餐,西式快餐,扬州,13,1000,13,3,781,2
美食,快餐,西式快餐,清远,3,97,10,3,782,2
美食,快餐,中式快餐,济南,1,934,7,3,783,0
美食,快餐,西式快餐,株洲,6,308,15,2,784,2
超市便利店,便利店,,常州,0,121,5,4,785,1
美食,快餐,西式快餐,济宁,4,463,15,4,786,2
超市便利店,超市,,重庆,NaN,243,19,NaN,787,1
美食,快餐,中式快餐,北京,5,614,1,3,788,1
美食,快餐,西式快餐,上海,6,1032,11,3,789,1
美食,小吃,面点,杭州,1,287,6,3,790,1
美食,快餐,西式快餐,成都,8,208,12,3,791,2
超市便利店,便利店,,上海,0,168,3,4,792,1
超市便利店,超市,,德阳,NaN,1112,20,NaN,793,0
美食,快餐,中式快餐,武汉,0,737,2,0,794,0
美食,中餐,粤菜,上海,1,1127,15,2,795,0
美食,休闲茶饮,奶茶,广州,2,36,9,3,796,0
美食,快餐,西式快餐,铜陵,7,454,14,3,797,2
美食,快餐,中式快餐,北京,2,402,10,2,798,0
美食,火锅,川味/重庆火锅,苏州,6,790,20,4,799,2
美食,休闲茶饮,奶茶,上海,5,545,6,4,800,0
美食,休闲茶饮,奶茶,武汉,1,278,3,3,801,0
美食,其他美食,西餐,厦门,4,620,19,0,802,2
美食,小吃,其它小吃,武汉,0,117,1,2,803,0
美食,小吃,其它小吃,北京,2,564,17,4,804,0
超市便利店,便利店,,北京,0,331,5,0,805,0
超市便利店,超市,,上海,NaN,453,18,NaN,806,1
美食,快餐,西式快餐,佛山,3,648,9,2,807,2
美食,快餐,西式快餐,武汉,18,524,13,1,808,2
超市便利店,超市,,北京,NaN,977,15,NaN,809,0
美食,快餐,中式快餐,北京,1,42,9,2,810,0
美食,中餐,粤菜,上海,1,1032,20,2,811,0
美食,快餐,中式快餐,杭州,3,378,1,3,812,0
美食,休闲茶饮,饮品/甜点,北京,4,580,9,4,813,2
超市便利店,便利店,,杭州,0,56,5,3,814,1
超市便利店,超市,,太原,0,674,17,2,815,0
超市便利店,超市,,合肥,NaN,370,18,NaN,816,1
美食,烘焙糕点,蛋糕,上海,3,157,6,3,817,0
美食,烧烤,中式烧烤,上海,1,937,10,3,818,0
美食,烧烤,其它烧烤,北京,2,652,19,3,819,0
超市便利店,超市,,武汉,NaN,979,17,NaN,820,1
超市便利店,超市,,上海,NaN,415,15,NaN,821,0
美食,其他美食,西餐,杭州,1,688,20,3,822,0
超市便利店,超市,,武汉,0,198,12,1,823,1
美食,快餐,中式快餐,上海,1,1065,18,3,824,0
超市便利店,超市,,武汉,NaN,1115,15,NaN,825,0
美食,快餐,西式快餐,北京,2,1037,8,3,826,0
超市便利店,便利店,,北京,NaN,506,5,NaN,827,0
美食,快餐,中式快餐,南京,3,680,7,2,828,2
美食,休闲食品,生鲜水果,杭州,9,521,7,2,829,0
美食,快餐,西式快餐,哈尔滨,6,369,13,3,830,2
美食,休闲茶饮,奶茶,南京,6,399,7,4,831,0
超市便利店,便利店,,武汉,NaN,70,5,NaN,832,0
美食,休闲食品,零食,温州,1,61,16,2,833,2
美食,其他美食,日韩料理,上海,3,898,18,3,834,0
美食,烘焙糕点,其它烘焙糕点,南京,0,1126,3,3,835,0
超市便利店,超市,,漳州,NaN,1041,18,NaN,836,1
美食,中餐,川菜,成都,1,732,9,1,837,0
超市便利店,超市,,南京,NaN,399,5,NaN,838,0
超市便利店,超市,,黄冈,0,705,18,4,839,1
美食,快餐,西式快餐,武汉,6,812,12,2,840,2
美食,休闲食品,生鲜水果,上海,2,679,12,4,841,2
美食,快餐,西式快餐,上海,1,542,15,2,842,1
超市便利店,超市,,东莞,0,90,19,1,843,1
美食,其他美食,西餐,武汉,6,653,19,2,844,1
超市便利店,超市,,武汉,0,198,8,2,845,1
超市便利店,超市,,泉州,0,691,17,4,846,1
美食,休闲茶饮,奶茶,杭州,3,523,11,3,847,0
美食,快餐,西式快餐,深圳,11,862,9,3,848,2
美食,小吃,其它小吃,杭州,2,250,4,2,849,0
美食,快餐,西式快餐,杭州,20,40,15,1,850,2
超市便利店,超市,,珠海,NaN,119,15,NaN,851,0
美食,其他美食,西餐,武汉,11,605,20,2,852,1
美食,快餐,西式快餐,郑州,8,957,13,3,853,2
超市便利店,超市,,杭州,1,621,19,3,854,1
美食,其他美食,西餐,北京,1,199,19,3,855,1
超市便利店,便利店,,广州,NaN,787,3,NaN,856,1
美食,火锅,其它火锅,温州,1,693,20,2,857,0
美食,小吃,其它小吃,上海,1,639,9,2,858,0
美食,休闲食品,生鲜水果,上海,2,1033,9,2,859,0
超市便利店,超市,,苏州,NaN,922,17,NaN,860,0
美食,烘焙糕点,蛋糕,杭州,3,520,14,3,861,2
美食,休闲茶饮,饮品/甜点,上海,8,907,7,3,862,2
美食,休闲食品,生鲜水果,杭州,0,850,7,3,863,0
超市便利店,超市,,南京,0,526,9,2,864,1
超市便利店,超市,,常州,NaN,385,18,NaN,865,1
超市便利店,便利店,,南京,0,450,2,4,866,1
美食,快餐,中式快餐,北京,3,86,6,2,867,2
美食,小吃,米粉/米线,苏州,3,933,9,3,868,0
超市便利店,超市,,湖州,NaN,899,20,NaN,869,0
美食,休闲食品,生鲜水果,苏州,7,312,16,3,870,0
美食,快餐,中式快餐,舟山,2,628,10,2,871,2
美食,快餐,中式快餐,武汉,2,606,2,1,872,0
美食,快餐,中式快餐,上海,1,358,11,4,873,0
超市便利店,便利店,,北京,NaN,113,6,NaN,874,1
超市便利店,便利店,,广州,0,57,2,3,875,0
美食,烘焙糕点,蛋糕,福州,2,851,2,3,876,0
美食,快餐,西式快餐,武汉,17,1145,11,3,877,2
超市便利店,超市,,武汉,0,198,11,0,878,1
美食,小吃,面点,深圳,2,305,12,0,879,0
超市便利店,超市,,上海,0,417,18,4,880,1
美食,休闲茶饮,饮品/甜点,上海,4,185,9,3,881,2
美食,休闲食品,零食,淮安,2,1118,16,3,882,0
美食,烘焙糕点,蛋糕,上海,1,497,5,3,883,0
美食,快餐,中式快餐,杭州,2,181,6,0,884,0
美食,火锅,川味/重庆火锅,武汉,9,65,20,4,885,2
美食,快餐,中式快餐,杭州,3,523,7,3,886,0
美食,其他美食,西餐,武汉,6,435,20,1,887,2
美食,小吃,面点,成都,1,637,9,1,888,0
超市便利店,超市,,无锡,0,428,18,3,889,1
美食,快餐,西式快餐,湛江,4,994,11,3,890,2
美食,快餐,西式快餐,杭州,20,264,9,3,891,2
美食,快餐,中式快餐,嘉兴,1,183,7,1,892,0
美食,快餐,西式快餐,三亚,5,404,16,2,893,2
超市便利店,超市,,惠州,NaN,546,19,NaN,894,1
美食,快餐,中式快餐,上海,1,924,16,3,895,0
超市便利店,便利店,,温州,0,585,5,3,896,1
美食,快餐,西式快餐,杭州,20,941,14,3,897,2
美食,快餐,中式快餐,深圳,2,79,6,2,898,2
超市便利店,超市,,北京,NaN,294,17,NaN,899,0
超市便利店,超市,,福州,NaN,1075,17,NaN,900,1
超市便利店,超市,,北京,NaN,512,4,NaN,901,0
美食,休闲茶饮,饮品/甜点,成都,4,816,7,3,902,2
美食,烘焙糕点,蛋糕,北京,1,836,11,4,903,2
美食,其他美食,日韩料理,南京,3,633,20,3,904,0
超市便利店,超市,,上海,NaN,791,15,NaN,905,0
超市便利店,超市,,合肥,NaN,551,9,NaN,906,0
美食,休闲茶饮,饮品/甜点,青岛,4,645,5,4,907,1
超市便利店,便利店,,南京,0,623,8,4,908,1
美食,快餐,西式快餐,南京,8,434,13,3,909,2
美食,休闲茶饮,奶茶,上海,6,1032,6,4,910,0
美食,快餐,西式快餐,南昌,6,1144,12,2,911,2
美食,小吃,其它小吃,西安,2,942,5,2,912,0
美食,休闲茶饮,奶茶,广州,3,552,8,3,913,0
美食,快餐,中式快餐,杭州,1,954,17,3,914,0
超市便利店,超市,,嘉兴,0,513,18,2,915,1
美食,快餐,西式快餐,武汉,10,653,6,3,916,2
超市便利店,便利店,,上海,0,39,3,4,917,1
美食,小吃,面点,武汉,2,605,8,2,918,0
美食,其他美食,日韩料理,上海,1,554,19,0,919,0
美食,休闲茶饮,饮品/甜点,上海,1,642,8,4,920,0
美食,快餐,中式快餐,漳州,1,307,2,1,921,0
美食,小吃,其它小吃,苏州,3,196,16,3,922,0
美食,休闲茶饮,饮品/甜点,厦门,1,1103,9,3,923,0
美食,快餐,中式快餐,武汉,0,117,2,0,924,0
美食,快餐,中式快餐,北京,1,996,4,3,925,0
美食,快餐,西式快餐,青岛,7,677,14,3,926,2
美食,中餐,川菜,武汉,2,905,10,3,927,2
美食,快餐,中式快餐,深圳,3,49,7,1,928,2
美食,快餐,西式快餐,威海,5,108,14,3,929,2
美食,火锅,麻辣烫/串串香,武汉,0,903,2,2,930,0
美食,休闲食品,生鲜水果,北京,2,375,8,3,931,0
美食,快餐,中式快餐,杭州,3,286,9,2,932,1
美食,烘焙糕点,蛋糕,杭州,2,264,5,3,933,1
超市便利店,超市,,杭州,1,286,18,3,934,1
美食,快餐,中式快餐,北京,3,512,8,2,935,2
美食,烧烤,中式烧烤,上海,1,1023,20,2,936,2
美食,烘焙糕点,其它烘焙糕点,成都,5,816,12,3,937,0
超市便利店,超市,,无锡,NaN,217,12,NaN,938,0
美食,烘焙糕点,其它烘焙糕点,杭州,1,815,3,3,939,0
超市便利店,超市,,上海,NaN,642,14,NaN,940,0
超市便利店,超市,,石家庄,NaN,857,17,NaN,941,0
美食,烘焙糕点,面包,长沙,1,193,7,3,942,0
美食,小吃,其它小吃,苏州,3,902,6,2,943,0
美食,烘焙糕点,其它烘焙糕点,合肥,1,337,9,3,944,2
美食,快餐,中式快餐,郑州,2,960,10,0,945,0
超市便利店,超市,,南京,NaN,433,17,NaN,946,1
超市便利店,便利店,,广州,0,552,3,0,947,1
美食,小吃,其它小吃,北京,1,1108,5,3,948,0
美食,小吃,米粉/米线,青岛,2,206,16,3,949,0
超市便利店,超市,,杭州,NaN,1091,10,NaN,950,0
美食,小吃,面点,上海,2,554,4,2,951,0
美食,烘焙糕点,其它烘焙糕点,大连,1,495,11,3,952,0
美食,小吃,面点,上海,3,507,15,4,953,0
美食,小吃,其它小吃,绍兴,1,219,2,4,954,0
超市便利店,超市,,广州,NaN,624,18,NaN,955,0
美食,休闲食品,其它休闲食品,宁波,1,245,17,3,956,0
超市便利店,超市,,成都,NaN,441,16,NaN,957,1
美食,火锅,其它火锅,深圳,2,562,3,0,958,0
美食,休闲食品,零食,杭州,4,521,5,2,959,0
美食,小吃,面点,南京,1,284,1,3,960,0
美食,快餐,西式快餐,北京,14,610,10,3,961,2
美食,休闲食品,零食,嘉兴,3,395,17,3,962,0
美食,快餐,中式快餐,上海,1,1127,16,1,963,0
美食,小吃,其它小吃,南京,5,469,9,2,964,0
美食,休闲食品,生鲜水果,广州,2,173,15,2,965,2
美食,小吃,面点,苏州,2,933,3,3,966,0
美食,小吃,面点,南京,2,680,5,2,967,0
超市便利店,便利店,,杭州,0,749,5,4,968,1
美食,中餐,江浙菜,温州,3,1129,20,1,969,2
超市便利店,便利店,,北京,NaN,1130,6,NaN,970,1
超市便利店,超市,,武汉,0,737,14,4,971,1
美食,快餐,西式快餐,金华,14,1158,14,3,972,2
超市便利店,超市,,合肥,NaN,599,16,NaN,973,0
美食,小吃,熟食,武汉,0,608,1,3,974,0
美食,快餐,西式快餐,广州,5,36,11,2,975,2
超市便利店,便利店,,广州,0,944,4,4,976,0
美食,快餐,中式快餐,广州,3,746,6,1,977,0
超市便利店,便利店,,温州,0,822,3,4,978,1
超市便利店,超市,,苏州,0,431,17,0,979,1
美食,快餐,西式快餐,长沙,4,646,9,3,980,2
美食,中餐,川菜,武汉,2,524,11,2,981,2
美食,快餐,中式快餐,上海,2,420,17,2,982,1
美食,休闲食品,生鲜水果,北京,1,222,5,1,983,0
美食,休闲茶饮,饮品/甜点,天津,8,728,9,4,984,2
超市便利店,便利店,,北京,NaN,77,7,NaN,985,1
超市便利店,超市,,株洲,0,78,6,4,986,0
美食,汤/粥/煲/砂锅/炖菜,粥,上海,1,1032,18,3,987,0
超市便利店,超市,,上海,0,413,19,4,988,1
美食,小吃,面点,杭州,2,1120,15,3,989,0
美食,快餐,西式快餐,苏州,9,400,10,3,990,2
超市便利店,便利店,,荆门,NaN,33,17,NaN,991,0
美食,快餐,中式快餐,武汉,2,510,5,2,992,0
美食,小吃,其它小吃,上海,1,417,9,2,993,0
美食,休闲茶饮,奶茶,嘉兴,1,938,11,3,994,1
超市便利店,超市,,温州,NaN,481,16,NaN,995,0
美食,休闲食品,生鲜水果,北京,3,601,9,2,996,0
美食,小吃,米粉/米线,绍兴,2,219,2,3,997,0
超市便利店,超市,,东莞,0,858,16,1,998,0
美食,快餐,西式快餐,深圳,9,991,7,3,999,2
美食,中餐,川菜,广州,4,552,20,1,1000,2
美食,中餐,江浙菜,合肥,1,838,20,0,1001,0
美食,休闲茶饮,冰激凌,北京,1,113,10,3,1002,0
美食,中餐,其它地方菜,杭州,0,264,18,2,1003,0
美食,休闲食品,其它休闲食品,广州,1,590,3,2,1004,0
美食,小吃,面点,杭州,0,485,1,4,1005,0
超市便利店,超市,,襄阳,0,875,18,4,1006,1
超市便利店,超市,,南京,NaN,644,9,NaN,1007,0
美食,火锅,麻辣烫/串串香,成都,2,637,20,2,1008,0
美食,休闲茶饮,饮品/甜点,杭州,2,850,3,3,1009,1
美食,小吃,其它小吃,北京,1,517,6,4,1010,0
超市便利店,便利店,,广州,0,36,2,4,1011,0
美食,快餐,中式快餐,苏州,1,933,7,3,1012,0
超市便利店,便利店,,北京,0,388,2,3,1013,0
美食,快餐,中式快餐,南京,1,715,11,1,1014,0
美食,休闲食品,生鲜水果,温州,0,442,11,3,1015,0
美食,休闲食品,生鲜水果,宁波,0,786,19,3,1016,0
超市便利店,超市,,邢台,NaN,1077,18,NaN,1017,1
超市便利店,超市,,深圳,0,1109,18,2,1018,1
美食,快餐,中式快餐,舟山,3,169,9,2,1019,2
超市便利店,便利店,,石家庄,0,873,3,3,1020,1
超市便利店,超市,,无锡,NaN,1064,9,NaN,1021,0
超市便利店,便利店,,苏州,0,389,3,0,1022,1
美食,快餐,西式快餐,葫芦岛,4,282,14,3,1023,2
超市便利店,便利店,,青岛,0,458,4,4,1024,1
超市便利店,超市,,常州,NaN,121,20,NaN,1025,1
美食,休闲食品,其它休闲食品,广州,3,156,17,2,1026,0
美食,快餐,中式快餐,武汉,3,945,11,3,1027,0
超市便利店,便利店,,深圳,0,531,2,4,1028,1
美食,小吃,面点,杭州,2,181,9,3,1029,0
美食,烘焙糕点,面包,北京,3,1130,14,4,1030,2
美食,中餐,其它地方菜,青岛,2,769,19,3,1031,0
美食,休闲食品,生鲜水果,杭州,4,1097,14,4,1032,2
美食,快餐,西式快餐,深圳,3,981,13,3,1033,2
美食,快餐,西式快餐,太原,6,619,9,3,1034,2
美食,快餐,西式快餐,南京,12,673,13,3,1035,2
美食,烘焙糕点,面包,武汉,2,213,4,3,1036,0
美食,快餐,西式快餐,深圳,5,596,9,3,1037,2
超市便利店,超市,,宁波,0,798,17,0,1038,0
超市便利店,超市,,福州,0,537,17,4,1039,1
美食,休闲茶饮,饮品/甜点,西安,2,75,7,3,1040,0
超市便利店,超市,,南平,NaN,888,18,NaN,1041,1
超市便利店,超市,,宁波,NaN,230,20,NaN,1042,1
美食,快餐,西式快餐,武汉,6,1081,9,3,1043,2
美食,中餐,川菜,武汉,1,435,10,2,1044,2
超市便利店,超市,,北京,NaN,566,13,NaN,1045,0
超市便利店,便利店,,青岛,NaN,344,5,NaN,1046,0
美食,快餐,中式快餐,深圳,1,194,5,0,1047,0
超市便利店,便利店,,金华,NaN,492,6,NaN,1048,1
美食,快餐,西式快餐,深圳,5,531,7,3,1049,2
美食,休闲食品,生鲜水果,南通,1,127,2,3,1050,0
美食,休闲食品,生鲜水果,上海,2,497,15,3,1051,2
超市便利店,超市,,上海,NaN,675,19,NaN,1052,1
超市便利店,超市,,上海,NaN,339,11,NaN,1053,0
美食,休闲茶饮,奶茶,南京,1,1106,2,4,1054,0
美食,休闲茶饮,奶茶,南京,3,172,4,4,1055,0
美食,休闲茶饮,奶茶,上海,4,709,4,3,1056,2
美食,快餐,中式快餐,杭州,1,592,11,0,1057,0
美食,休闲茶饮,冰激凌,南昌,2,179,1,3,1058,0
美食,休闲食品,生鲜水果,苏州,2,220,15,2,1059,0
美食,烘焙糕点,面包,广州,1,853,2,2,1060,0
美食,快餐,西式快餐,广州,12,541,11,2,1061,2
美食,快餐,西式快餐,天津,6,992,9,4,1062,2
超市便利店,超市,,张家口,NaN,678,19,NaN,1063,1
超市便利店,便利店,,温州,0,158,5,4,1064,1
美食,小吃,面点,武汉,1,435,1,3,1065,0
美食,快餐,西式快餐,北京,6,1101,9,3,1066,2
美食,休闲食品,生鲜水果,福州,1,851,2,1,1067,0
美食,快餐,中式快餐,上海,2,609,13,2,1068,1
超市便利店,超市,,重庆,NaN,579,18,NaN,1069,1
超市便利店,超市,,温州,NaN,1014,14,NaN,1070,0
美食,休闲食品,生鲜水果,宁波,2,764,2,2,1071,0
超市便利店,超市,,无锡,1,352,2,2,1072,1
美食,中餐,其它地方菜,南京,1,73,12,4,1073,0
美食,小吃,其它小吃,上海,2,134,7,3,1074,0
美食,快餐,中式快餐,台州,3,755,11,2,1075,1
美食,休闲食品,其它休闲食品,苏州,1,310,12,3,1076,0
美食,快餐,西式快餐,长沙,2,26,14,3,1077,2
美食,小吃,其它小吃,福州,1,851,2,4,1078,0
美食,快餐,西式快餐,沈阳,7,598,12,4,1079,2
超市便利店,超市,,南京,0,742,16,4,1080,1
超市便利店,便利店,,广州,0,488,3,3,1081,0
美食,其他美食,西餐,深圳,1,332,19,4,1082,0
美食,休闲食品,生鲜水果,成都,3,232,3,3,1083,0
美食,快餐,西式快餐,南通,6,27,14,3,1084,2
美食,快餐,西式快餐,南昌,5,1131,10,3,1085,2
美食,休闲食品,生鲜水果,北京,3,322,12,3,1086,0
美食,中餐,江浙菜,北京,4,1038,20,3,1087,1
美食,烘焙糕点,面包,上海,1,725,10,3,1088,1
美食,休闲茶饮,饮品/甜点,上海,1,809,16,3,1089,2
超市便利店,便利店,,杭州,NaN,383,2,NaN,1090,1
美食,快餐,中式快餐,济南,2,824,4,2,1091,1
美食,快餐,西式快餐,上海,7,315,11,3,1092,2
美食,其他美食,其他餐饮美食,武汉,1,1024,5,0,1093,0
美食,快餐,西式快餐,上海,7,466,13,3,1094,2
超市便利店,便利店,,青岛,0,1015,3,3,1095,0
美食,快餐,中式快餐,上海,1,639,10,3,1096,0
美食,快餐,西式快餐,东营,4,477,14,2,1097,2
美食,快餐,中式快餐,武汉,1,85,1,2,1098,0
美食,中餐,西北菜,广州,2,155,17,2,1099,0
美食,休闲茶饮,饮品/甜点,上海,2,489,18,4,1100,0
美食,快餐,西式快餐,苏州,6,745,13,3,1101,2
美食,快餐,西式快餐,广州,7,1076,10,3,1102,2
美食,休闲食品,零食,温州,1,936,2,3,1103,0
超市便利店,超市,,上海,0,1116,19,3,1104,1
美食,小吃,熟食,杭州,2,250,7,3,1105,0
美食,快餐,中式快餐,成都,0,112,1,2,1106,0
美食,休闲茶饮,奶茶,湖州,1,885,6,3,1107,0
美食,火锅,川味/重庆火锅,南京,6,1126,20,4,1108,2
美食,快餐,西式快餐,北京,8,772,12,3,1109,2
美食,小吃,面点,杭州,3,286,14,3,1110,0
超市便利店,便利店,,上海,0,697,5,3,1111,1
美食,快餐,西式快餐,深圳,7,1028,11,2,1112,2
超市便利店,便利店,,温州,0,722,3,2,1113,1
美食,小吃,面点,上海,1,943,1,4,1114,0
美食,快餐,中式快餐,北京,2,388,12,1,1115,2
超市便利店,便利店,,南京,0,526,2,4,1116,1
美食,快餐,西式快餐,广州,8,11,9,3,1117,2
美食,小吃,其它小吃,杭州,4,1093,15,3,1118,2
美食,小吃,米粉/米线,杭州,1,378,16,3,1119,0
美食,快餐,西式快餐,青岛,4,325,13,3,1120,2
美食,快餐,西式快餐,厦门,11,955,13,2,1121,2
美食,休闲食品,其它休闲食品,珠海,4,719,2,4,1122,0
超市便利店,超市,,武汉,0,683,19,4,1123,1
美食,休闲茶饮,冰激凌,武汉,4,416,10,3,1124,1
美食,快餐,西式快餐,广州,14,47,14,1,1125,2
美食,快餐,西式快餐,淮安,6,963,13,3,1126,2
美食,烘焙糕点,面包,福州,2,611,12,3,1127,2
美食,小吃,其它小吃,武汉,3,290,16,3,1128,2
美食,快餐,西式快餐,南昌,6,591,15,2,1129,2
美食,休闲食品,生鲜水果,温州,1,174,9,3,1130,0
美食,快餐,中式快餐,济南,2,443,2,3,1131,1
超市便利店,超市,,上海,NaN,627,12,NaN,1132,0
超市便利店,便利店,,济南,NaN,539,6,NaN,1133,0
美食,快餐,西式快餐,长沙,6,1138,13,2,1134,2
美食,快餐,西式快餐,苏州,11,1147,12,3,1135,2
超市便利店,超市,,佛山,NaN,82,12,NaN,1136,0
超市便利店,超市,,湛江,NaN,700,17,NaN,1137,0
美食,小吃,面点,南京,2,1126,8,3,1138,0
美食,快餐,西式快餐,佛山,6,88,12,2,1139,2
美食,汤/粥/煲/砂锅/炖菜,砂锅/煲类/炖菜,上海,2,1032,15,3,1140,0
美食,小吃,米粉/米线,济南,2,111,4,3,1141,0
美食,中餐,其它地方菜,石家庄,2,703,19,3,1142,0
美食,休闲茶饮,奶茶,温州,3,693,4,4,1143,0
超市便利店,超市,,上海,NaN,301,18,NaN,1144,1
美食,烘焙糕点,面包,上海,1,247,10,3,1145,0
超市便利店,超市,,武汉,0,581,16,4,1146,1
美食,休闲食品,生鲜水果,南京,3,680,9,1,1147,0
超市便利店,超市,,厦门,NaN,770,7,NaN,1148,0
美食,快餐,西式快餐,南昌,1,886,6,2,1149,0
超市便利店,超市,,上海,0,1003,19,4,1150,1
美食,快餐,西式快餐,深圳,8,734,9,2,1151,2
美食,烘焙糕点,面包,上海,4,1116,10,3,1152,0
美食,快餐,西式快餐,上海,6,1065,8,3,1153,2
美食,快餐,中式快餐,常州,1,390,6,2,1154,0
美食,休闲食品,生鲜水果,温州,1,442,15,3,1155,0
超市便利店,超市,,锦州,NaN,887,18,NaN,1156,1
美食,小吃,其它小吃,北京,1,1043,5,2,1157,0
超市便利店,超市,,杭州,NaN,589,10,NaN,1158,0
美食,中餐,东北菜,杭州,2,521,15,2,1159,0
超市便利店,便利店,,上海,NaN,854,6,NaN,1160,1
美食,快餐,西式快餐,泉州,3,147,12,2,1161,2
美食,烘焙糕点,蛋糕,上海,1,519,10,3,1162,0
美食,小吃,面点,上海,1,1032,16,3,1163,0
美食,休闲茶饮,饮品/甜点,大连,4,16,6,4,1164,2
美食,快餐,西式快餐,广州,7,568,11,2,1165,2
美食,快餐,西式快餐,苏州,6,470,12,3,1166,2
超市便利店,超市,,南平,NaN,468,18,NaN,1167,1
超市便利店,超市,,蚌埠,NaN,371,18,NaN,1168,1
美食,休闲食品,生鲜水果,温州,3,211,16,1,1169,0
超市便利店,超市,,宁波,NaN,656,16,NaN,1170,0
美食,快餐,西式快餐,淮安,5,959,14,2,1171,2
美食,其他美食,西餐,温州,3,585,20,1,1172,2
美食,快餐,西式快餐,杭州,3,895,15,3,1173,1
超市便利店,便利店,,武汉,NaN,557,3,NaN,1174,0
美食,小吃,其它小吃,西安,3,487,6,3,1175,0
超市便利店,超市,,绍兴,0,214,17,2,1176,1
美食,休闲食品,生鲜水果,杭州,3,978,11,3,1177,0
美食,快餐,中式快餐,福州,2,122,5,1,1178,0
美食,小吃,米粉/米线,南昌,1,964,3,3,1179,0
美食,烘焙糕点,面包,杭州,3,1093,9,3,1180,1
美食,快餐,西式快餐,绍兴,12,615,15,3,1181,2
美食,休闲茶饮,奶茶,深圳,2,531,8,3,1182,0
超市便利店,超市,,上海,NaN,1098,15,NaN,1183,0
美食,休闲茶饮,奶茶,武汉,4,606,5,3,1184,0
美食,快餐,中式快餐,武汉,0,209,1,1,1185,0
超市便利店,超市,,成都,NaN,597,5,NaN,1186,0
美食,快餐,西式快餐,镇江,5,372,13,3,1187,2
美食,休闲茶饮,奶茶,武汉,2,737,1,3,1188,0
美食,中餐,其它地方菜,郑州,0,1151,1,3,1189,0
美食,快餐,西式快餐,苏州,18,314,13,3,1190,2
超市便利店,超市,,合肥,NaN,254,15,NaN,1191,0
美食,火锅,其它火锅,北京,3,430,18,3,1192,2
美食,休闲茶饮,奶茶,上海,1,642,7,4,1193,0
超市便利店,超市,,苏州,NaN,496,14,NaN,1194,0
美食,快餐,西式快餐,温州,6,1006,14,2,1195,2
超市便利店,超市,,抚顺,0,548,16,4,1196,1
美食,快餐,西式快餐,北京,10,1096,10,3,1197,2
美食,休闲食品,生鲜水果,上海,2,643,15,3,1198,2
超市便利店,便利店,,北京,NaN,880,8,NaN,1199,1
超市便利店,便利店,,温州,0,704,5,4,1200,1
美食,休闲食品,生鲜水果,宁波,4,436,7,3,1201,0
美食,快餐,西式快餐,江门,3,1016,6,2,1202,2
美食,休闲茶饮,奶茶,上海,4,153,5,3,1203,2
超市便利店,超市,,上海,0,153,16,3,1204,1
美食,休闲食品,生鲜水果,绍兴,2,634,4,4,1205,0
超市便利店,超市,,北京,NaN,186,15,NaN,1206,0
美食,快餐,西式快餐,天津,5,1004,12,3,1207,2
美食,快餐,西式快餐,福州,3,226,15,3,1208,1
美食,中餐,粤菜,上海,1,153,19,1,1209,0
美食,快餐,西式快餐,南宁,4,804,15,2,1210,2
美食,快餐,西式快餐,南京,9,399,8,3,1211,2
超市便利店,超市,,无锡,NaN,200,17,NaN,1212,0
美食,烘焙糕点,面包,北京,6,86,11,3,1213,2
美食,中餐,上海本帮菜,上海,0,255,7,1,1214,0
超市便利店,便利店,,青岛,NaN,1001,4,NaN,1215,1
美食,快餐,中式快餐,武汉,1,653,8,1,1216,0
美食,快餐,西式快餐,西安,10,171,15,2,1217,2
超市便利店,便利店,,北京,0,836,5,4,1218,1
美食,快餐,西式快餐,西安,4,1020,8,3,1219,2
超市便利店,便利店,,武汉,NaN,209,2,NaN,1220,0
美食,休闲茶饮,奶茶,合肥,7,814,5,4,1221,0
美食,快餐,中式快餐,成都,2,274,9,1,1222,0
美食,其他美食,日韩料理,上海,1,1127,6,3,1223,0
美食,快餐,西式快餐,无锡,5,805,14,2,1224,2
美食,快餐,中式快餐,深圳,1,195,5,1,1225,0
超市便利店,超市,,杭州,0,361,17,3,1226,1
超市便利店,超市,,温州,0,442,11,3,1227,0
超市便利店,超市,,南京,0,221,14,4,1228,1
超市便利店,超市,,广州,1,132,6,2,1229,0
美食,小吃,米粉/米线,南京,1,1155,2,4,1230,0
超市便利店,超市,,乐山,NaN,890,19,NaN,1231,1
超市便利店,超市,,深圳,NaN,1069,6,NaN,1232,0
美食,快餐,西式快餐,长沙,3,618,9,3,1233,2
美食,快餐,西式快餐,郑州,4,549,6,3,1234,2
美食,快餐,中式快餐,南京,1,172,8,2,1235,0
超市便利店,超市,,宁波,0,230,14,0,1236,0
美食,快餐,西式快餐,北京,5,1099,11,3,1237,2
超市便利店,便利店,,温州,0,585,2,4,1238,1
超市便利店,便利店,,温州,0,840,6,4,1239,1
美食,快餐,中式快餐,武汉,0,85,1,2,1240,0
美食,休闲茶饮,奶茶,上海,2,1054,6,4,1241,0
美食,快餐,中式快餐,绍兴,2,214,6,2,1242,2
美食,休闲茶饮,奶茶,西安,1,1156,1,3,1243,0
美食,快餐,西式快餐,武汉,14,825,12,3,1244,2
超市便利店,便利店,,上海,0,168,4,0,1245,1
美食,快餐,其它快餐,杭州,2,1093,14,2,1246,0
美食,快餐,中式快餐,苏州,3,902,7,3,1247,0
超市便利店,超市,,成都,NaN,573,6,NaN,1248,0
美食,快餐,中式快餐,杭州,4,520,12,3,1249,2
超市便利店,便利店,,广州,0,533,2,2,1250,1
美食,休闲食品,生鲜水果,杭州,3,124,7,3,1251,0
美食,小吃,其它小吃,南京,4,680,16,3,1252,2
超市便利店,超市,,无锡,NaN,289,17,NaN,1253,0
超市便利店,超市,,宜昌,0,483,18,4,1254,0
美食,快餐,西式快餐,黄山,5,25,16,2,1255,2
超市便利店,超市,,北京,NaN,1117,14,NaN,1256,0
超市便利店,超市,,厦门,NaN,59,18,NaN,1257,1
美食,休闲茶饮,饮品/甜点,杭州,3,485,2,4,1258,1
美食,快餐,中式快餐,宜昌,3,1084,10,2,1259,0
美食,休闲食品,生鲜水果,武汉,1,1072,6,2,1260,0
美食,快餐,其它快餐,北京,2,42,15,2,1261,0
美食,烘焙糕点,面包,南京,3,680,12,3,1262,2
超市便利店,超市,,淮安,0,1071,17,2,1263,1
超市便利店,超市,,宝鸡,NaN,987,18,NaN,1264,1
美食,休闲茶饮,奶茶,南昌,1,848,1,2,1265,0
超市便利店,便利店,,北京,0,42,5,0,1266,0
超市便利店,超市,,常州,NaN,480,18,NaN,1267,0
超市便利店,超市,,南京,0,575,8,4,1268,1
超市便利店,便利店,,厦门,0,1107,1,2,1269,1
美食,休闲茶饮,冰激凌,北京,2,113,11,3,1270,2
超市便利店,超市,,杭州,0,523,17,4,1271,1
美食,小吃,其它小吃,成都,1,474,1,3,1272,0
美食,快餐,西式快餐,南京,8,499,11,3,1273,2
美食,休闲茶饮,饮品/甜点,广州,0,853,1,3,1274,0
美食,快餐,西式快餐,徐州,8,348,14,1,1275,2
美食,快餐,中式快餐,深圳,2,813,6,1,1276,0
美食,快餐,西式快餐,青岛,5,603,14,3,1277,2
美食,休闲茶饮,饮品/甜点,镇江,1,62,5,3,1278,0
超市便利店,便利店,,青岛,0,154,3,3,1279,1
美食,火锅,麻辣烫/串串香,宁波,1,207,8,3,1280,0
美食,快餐,西式快餐,无锡,5,460,11,3,1281,2
美食,快餐,中式快餐,武汉,2,1007,7,2,1282,2
超市便利店,超市,,南通,0,18,19,4,1283,1
美食,快餐,西式快餐,合肥,4,720,12,3,1284,2
美食,快餐,中式快餐,杭州,1,849,10,0,1285,0
美食,小吃,其它小吃,北京,2,256,18,4,1286,0
美食,休闲食品,零食,武汉,2,608,5,3,1287,0
美食,休闲茶饮,奶茶,杭州,2,1094,4,3,1288,2
美食,中餐,台湾菜,上海,1,554,20,1,1289,0
美食,休闲茶饮,饮品/甜点,郑州,2,962,6,4,1290,1
美食,中餐,川菜,广州,6,552,20,2,1291,2
美食,快餐,西式快餐,广州,10,711,7,3,1292,2
美食,烘焙糕点,蛋糕,杭州,4,264,9,3,1293,2
美食,快餐,西式快餐,深圳,2,194,6,2,1294,2
美食,烘焙糕点,蛋糕,重庆,2,272,16,3,1295,0
超市便利店,超市,,上海,0,921,19,4,1296,1
美食,快餐,西式快餐,北京,8,19,10,3,1297,2
美食,休闲茶饮,奶茶,苏州,2,868,8,4,1298,0
美食,快餐,西式快餐,无锡,9,68,13,3,1299,2
美食,小吃,其它小吃,杭州,2,485,3,3,1300,0
美食,休闲茶饮,饮品/甜点,潍坊,4,560,9,4,1301,2
超市便利店,超市,,北京,NaN,980,19,NaN,1302,1
超市便利店,便利店,,上海,0,709,5,0,1303,1
超市便利店,超市,,武汉,NaN,892,18,NaN,1304,1
美食,小吃,其它小吃,金华,0,201,1,2,1305,0
超市便利店,超市,,北京,NaN,94,19,NaN,1306,1
美食,休闲食品,零食,温州,1,936,6,4,1307,0
美食,快餐,中式快餐,杭州,11,146,6,2,1308,0
美食,烘焙糕点,蛋糕,上海,5,554,9,2,1309,1
超市便利店,超市,,深圳,0,79,16,4,1310,1
美食,其他美食,西餐,广州,5,488,20,2,1311,2
美食,快餐,西式快餐,莆田,5,190,10,3,1312,2
美食,快餐,西式快餐,汉中,6,744,15,3,1313,2
美食,快餐,西式快餐,深圳,5,407,9,3,1314,2
美食,快餐,西式快餐,北京,13,396,11,3,1315,2
美食,其他美食,日韩料理,上海,2,1061,18,2,1316,0
美食,烘焙糕点,面包,上海,1,1110,10,3,1317,1
美食,休闲茶饮,饮品/甜点,杭州,3,1093,4,3,1318,1
美食,快餐,中式快餐,深圳,3,237,8,3,1319,2
美食,中餐,其它地方菜,上海,1,1127,15,0,1320,0
美食,休闲食品,生鲜水果,上海,1,1114,18,4,1321,0
美食,火锅,川味/重庆火锅,杭州,8,1093,20,4,1322,2
美食,休闲茶饮,饮品/甜点,成都,0,563,1,3,1323,0
美食,快餐,西式快餐,南京,9,73,10,3,1324,2
美食,烘焙糕点,蛋糕,武汉,4,317,11,3,1325,1
超市便利店,超市,,金华,0,1158,18,4,1326,0
超市便利店,超市,,杭州,0,974,17,3,1327,1
美食,中餐,其它地方菜,北京,2,249,19,2,1328,0
超市便利店,便利店,,南京,0,172,5,4,1329,1
美食,快餐,西式快餐,东莞,2,1048,9,2,1330,2
美食,其他美食,日韩料理,上海,1,153,11,3,1331,0
美食,快餐,西式快餐,杭州,14,1093,15,3,1332,2
美食,休闲食品,其它休闲食品,广州,1,973,1,3,1333,0
超市便利店,便利店,,杭州,NaN,760,4,NaN,1334,1
美食,快餐,西式快餐,苏州,5,389,9,3,1335,2
超市便利店,便利店,,金华,NaN,492,12,NaN,1336,0
美食,其他美食,日韩料理,南京,2,673,19,3,1337,0
美食,快餐,中式快餐,上海,2,924,7,2,1338,2
美食,快餐,西式快餐,无锡,9,751,12,3,1339,2
美食,中餐,其它地方菜,北京,4,574,18,3,1340,0
美食,快餐,中式快餐,广州,3,228,4,3,1341,0
美食,烘焙糕点,面包,宁波,2,436,13,2,1342,0
美食,烘焙糕点,蛋糕,杭州,3,1094,8,3,1343,1
超市便利店,超市,,北京,0,535,16,4,1344,0
美食,小吃,其它小吃,杭州,2,146,4,4,1345,0
超市便利店,超市,,杭州,NaN,287,19,NaN,1346,1
美食,快餐,西式快餐,深圳,11,195,10,2,1347,2
美食,快餐,西式快餐,上海,4,501,10,3,1348,2
美食,烘焙糕点,蛋糕,杭州,3,668,14,3,1349,2
美食,快餐,西式快餐,杭州,20,1093,12,3,1350,2
美食,休闲茶饮,奶茶,宁波,2,436,6,3,1351,0
美食,快餐,西式快餐,深圳,7,368,12,3,1352,2
美食,快餐,中式快餐,深圳,3,862,4,0,1353,0
美食,快餐,中式快餐,杭州,8,225,8,3,1354,0
美食,快餐,西式快餐,南京,18,215,10,3,1355,2
美食,快餐,西式快餐,嘉兴,10,569,13,2,1356,2
超市便利店,超市,,重庆,NaN,561,18,NaN,1357,1
超市便利店,超市,,上海,NaN,1085,19,NaN,1358,1
美食,快餐,西式快餐,青岛,6,1015,13,3,1359,2
超市便利店,便利店,,无锡,0,188,3,0,1360,1
超市便利店,便利店,,上海,0,662,4,4,1361,1
美食,快餐,西式快餐,长治,6,224,15,3,1362,2
美食,烘焙糕点,蛋糕,杭州,3,974,15,3,1363,2
美食,中餐,粤菜,杭州,1,941,20,2,1364,2
美食,快餐,西式快餐,南京,18,399,10,3,1365,2
美食,其他美食,其他餐饮美食,上海,1,1127,16,2,1366,0
美食,快餐,西式快餐,杭州,2,629,13,3,1367,1
超市便利店,便利店,,广州,0,935,2,1,1368,0
美食,休闲食品,生鲜水果,杭州,2,631,15,3,1369,2
美食,休闲茶饮,奶茶,济南,2,318,1,4,1370,0
美食,快餐,中式快餐,北京,3,916,17,4,1371,1
美食,快餐,中式快餐,深圳,9,847,2,0,1372,0
超市便利店,超市,,深圳,0,657,20,4,1373,1
美食,快餐,西式快餐,天津,2,684,6,3,1374,0
美食,烘焙糕点,面包,武汉,1,979,3,3,1375,0
美食,中餐,川菜,武汉,3,1024,10,2,1376,2
美食,快餐,西式快餐,烟台,13,556,14,3,1377,2
美食,烘焙糕点,面包,广州,2,57,10,3,1378,0
超市便利店,便利店,,上海,0,255,1,4,1379,1
美食,休闲茶饮,奶茶,青岛,2,291,4,4,1380,1
超市便利店,便利店,,青岛,0,344,2,3,1381,1
超市便利店,便利店,,青岛,0,852,4,4,1382,1
美食,小吃,其它小吃,杭州,1,485,1,3,1383,0
美食,快餐,其它快餐,武汉,0,602,14,2,1384,0
超市便利店,超市,,上海,NaN,1033,7,NaN,1385,0
美食,烘焙糕点,面包,宁波,1,798,13,3,1386,0
美食,烘焙糕点,蛋糕,上海,4,626,9,3,1387,0
美食,快餐,西式快餐,肇庆,6,246,14,3,1388,2
美食,快餐,西式快餐,大连,8,970,13,4,1389,2
美食,快餐,中式快餐,天津,1,690,8,2,1390,0
美食,快餐,中式快餐,武汉,0,85,1,1,1391,0
美食,其他美食,其他餐饮美食,杭州,3,1091,3,0,1392,0
美食,快餐,西式快餐,衢州,7,893,15,3,1393,2
超市便利店,超市,,上海,NaN,1127,8,NaN,1394,0
美食,快餐,西式快餐,苏州,7,961,12,3,1395,2
超市便利店,超市,,深圳,0,216,17,4,1396,1
超市便利店,超市,,惠州,NaN,355,19,NaN,1397,1
美食,休闲茶饮,饮品/甜点,上海,2,643,17,3,1398,2
美食,烘焙糕点,面包,北京,4,580,10,3,1399,1
美食,小吃,其它小吃,宁波,0,764,1,3,1400,0
美食,快餐,西式快餐,广州,3,155,15,3,1401,2
美食,小吃,其它小吃,杭州,1,286,5,3,1402,0
超市便利店,超市,,深圳,0,966,12,1,1403,1
美食,火锅,麻辣烫/串串香,上海,2,924,7,2,1404,0
美食,休闲食品,生鲜水果,南京,1,399,11,2,1405,0
超市便利店,便利店,,青岛,0,120,7,4,1406,1
美食,小吃,其它小吃,杭州,1,884,2,2,1407,0
美食,快餐,中式快餐,合肥,1,814,7,0,1408,0
美食,快餐,中式快餐,上海,2,943,7,2,1409,2
美食,快餐,西式快餐,金华,11,1158,14,3,1410,2
美食,快餐,西式快餐,上海,6,339,13,3,1411,2
美食,快餐,西式快餐,泰州,10,638,13,3,1412,2
美食,快餐,中式快餐,杭州,1,144,5,3,1413,0
超市便利店,超市,,北京,NaN,129,14,NaN,1414,0
超市便利店,超市,,上海,NaN,752,10,NaN,1415,0
美食,休闲茶饮,奶茶,绍兴,3,1063,5,4,1416,0
超市便利店,超市,,大连,0,543,18,4,1417,1
美食,中餐,其它地方菜,郑州,0,1151,1,2,1418,0
美食,快餐,中式快餐,杭州,1,32,5,0,1419,0
超市便利店,便利店,,杭州,0,865,2,4,1420,1
美食,快餐,西式快餐,上海,4,420,15,3,1421,2
美食,其他美食,其他餐饮美食,武汉,0,737,19,3,1422,0
超市便利店,超市,,福州,NaN,985,17,NaN,1423,1
美食,快餐,西式快餐,上海,7,519,10,3,1424,2
超市便利店,便利店,,温州,0,141,6,0,1425,1
超市便利店,便利店,,杭州,NaN,378,2,NaN,1426,1
美食,小吃,其它小吃,金华,4,1158,12,2,1427,0
美食,快餐,西式快餐,天津,6,288,12,3,1428,2
美食,快餐,中式快餐,杭州,3,286,10,3,1429,2
美食,快餐,中式快餐,北京,0,823,6,3,1430,0
美食,烘焙糕点,面包,北京,4,199,16,4,1431,1
美食,快餐,西式快餐,南京,9,956,8,3,1432,2
美食,烘焙糕点,其它烘焙糕点,深圳,1,1109,13,3,1433,0
美食,快餐,中式快餐,杭州,5,89,6,2,1434,0
美食,快餐,西式快餐,北京,6,142,14,3,1435,2
超市便利店,超市,,西安,NaN,1070,18,NaN,1436,1
美食,快餐,中式快餐,广州,4,541,7,1,1437,0
美食,快餐,西式快餐,衢州,13,893,15,3,1438,2
美食,休闲食品,生鲜水果,南京,1,4,10,3,1439,0
超市便利店,超市,,芜湖,NaN,1140,18,NaN,1440,1
超市便利店,超市,,南京,NaN,4,15,NaN,1441,1
美食,快餐,其它快餐,上海,1,844,15,3,1442,0
美食,小吃,米粉/米线,南宁,3,784,5,2,1443,0
美食,休闲茶饮,饮品/甜点,北京,4,823,12,3,1444,0
超市便利店,超市,,杭州,0,363,16,3,1445,1
超市便利店,便利店,,杭州,NaN,865,2,NaN,1446,1
美食,中餐,其它地方菜,北京,1,402,9,2,1447,0
美食,小吃,米粉/米线,东莞,1,391,16,1,1448,0
美食,快餐,西式快餐,天津,6,728,14,2,1449,2
美食,快餐,西式快餐,北京,6,750,15,3,1450,2
美食,休闲食品,零食,苏州,2,503,6,2,1451,0
美食,快餐,西式快餐,深圳,6,758,15,3,1452,2
美食,快餐,西式快餐,盐城,11,379,14,3,1453,2
美食,其他美食,其他餐饮美食,大连,1,947,3,3,1454,0
超市便利店,便利店,,佛山,0,1100,2,0,1455,0
美食,中餐,川菜,宁波,3,878,20,2,1456,0
美食,休闲食品,生鲜水果,上海,1,709,10,2,1457,0
美食,快餐,中式快餐,上海,2,695,8,2,1458,2
美食,快餐,西式快餐,珠海,2,81,13,3,1459,1
美食,中餐,江浙菜,杭州,3,941,20,2,1460,2
美食,快餐,西式快餐,杭州,17,361,8,3,1461,2
美食,快餐,中式快餐,济南,2,38,3,2,1462,1
美食,休闲食品,生鲜水果,杭州,2,815,13,4,1463,0
美食,小吃,其它小吃,南京,2,284,6,4,1464,0
超市便利店,超市,,上海,0,649,20,4,1465,1
超市便利店,超市,,福州,NaN,1075,15,NaN,1466,1
美食,烘焙糕点,面包,武汉,4,676,11,3,1467,2
超市便利店,超市,,苏州,NaN,1062,16,NaN,1468,0
美食,快餐,西式快餐,杭州,20,485,14,3,1469,2
美食,休闲茶饮,咖啡,大连,2,262,11,4,1470,0
美食,快餐,西式快餐,金华,7,437,15,3,1471,2
美食,休闲茶饮,奶茶,杭州,7,1094,5,4,1472,0
美食,休闲茶饮,奶茶,厦门,2,326,3,4,1473,0
美食,快餐,西式快餐,上海,4,387,10,3,1474,2
美食,快餐,西式快餐,潍坊,5,106,14,3,1475,2
超市便利店,便利店,,济南,NaN,23,7,NaN,1476,0
美食,快餐,西式快餐,广州,7,867,7,3,1477,2
美食,休闲茶饮,奶茶,绍兴,7,912,1,4,1478,1
美食,快餐,西式快餐,南昌,4,223,13,2,1479,2
美食,烘焙糕点,其它烘焙糕点,合肥,3,362,9,3,1480,2
美食,休闲茶饮,奶茶,杭州,2,884,3,3,1481,2
超市便利店,超市,,沈阳,NaN,360,16,NaN,1482,1
美食,快餐,西式快餐,厦门,7,1080,8,3,1483,2
超市便利店,超市,,南昌,0,801,17,3,1484,1
美食,快餐,西式快餐,上海,5,821,13,3,1485,2
美食,小吃,其它小吃,广州,0,228,5,3,1486,0
美食,小吃,其它小吃,重庆,1,754,3,1,1487,0
超市便利店,便利店,,南京,0,1106,8,4,1488,1
美食,快餐,西式快餐,上海,8,833,7,3,1489,2
超市便利店,超市,,咸宁,NaN,747,19,NaN,1490,1
美食,烘焙糕点,面包,成都,2,1134,17,3,1491,0
美食,快餐,中式快餐,深圳,1,991,4,0,1492,0
美食,快餐,中式快餐,上海,0,1127,15,2,1493,1
美食,烘焙糕点,面包,宁波,3,763,16,3,1494,0
超市便利店,便利店,,武汉,NaN,209,4,NaN,1495,0
超市便利店,超市,,南京,0,1095,13,4,1496,1
超市便利店,便利店,,绍兴,0,167,5,4,1497,1
超市便利店,超市,,成都,0,366,20,4,1498,1
超市便利店,超市,,上海,NaN,1086,11,NaN,1499,0
超市便利店,超市,,南京,NaN,123,17,NaN,1500,0
超市便利店,便利店,,上海,0,359,4,4,1501,1
美食,休闲食品,生鲜水果,广州,3,973,1,3,1502,0
美食,快餐,中式快餐,佛山,2,567,3,1,1503,0
美食,小吃,面点,常州,1,385,5,2,1504,0
超市便利店,便利店,,南京,0,1126,7,4,1505,1
超市便利店,超市,,六安,0,1045,19,0,1506,1
美食,休闲食品,生鲜水果,温州,2,61,8,3,1507,0
超市便利店,超市,,上海,0,904,18,1,1508,1
美食,快餐,西式快餐,重庆,5,1047,12,3,1509,2
美食,休闲食品,生鲜水果,上海,1,714,11,3,1510,2
美食,烘焙糕点,其它烘焙糕点,南京,3,399,8,2,1511,0
美食,小吃,其它小吃,广州,5,47,15,3,1512,2
美食,快餐,西式快餐,黄石,6,671,13,2,1513,2
美食,小吃,其它小吃,温州,1,936,1,3,1514,0
超市便利店,超市,,北京,NaN,9,18,NaN,1515,1
超市便利店,便利店,,温州,0,1029,4,4,1516,1
美食,快餐,西式快餐,北京,6,655,14,3,1517,2
超市便利店,超市,,思茅,0,670,19,4,1518,1
美食,休闲食品,生鲜水果,杭州,5,749,12,3,1519,2
超市便利店,便利店,,南京,0,338,9,4,1520,1
美食,快餐,中式快餐,杭州,1,382,8,0,1521,0
超市便利店,超市,,北京,NaN,402,17,NaN,1522,1
美食,烘焙糕点,面包,江门,1,918,2,1,1523,0
美食,快餐,西式快餐,武汉,10,37,13,3,1524,2
美食,小吃,面点,南宁,4,636,10,2,1525,0
美食,烘焙糕点,面包,南京,1,176,3,4,1526,0
美食,快餐,西式快餐,深圳,4,1057,12,2,1527,2
超市便利店,超市,,杭州,0,485,7,3,1528,1
美食,休闲茶饮,奶茶,珠海,2,50,1,3,1529,0
美食,快餐,西式快餐,惠州,6,83,13,2,1530,2
美食,烘焙糕点,面包,上海,2,134,15,3,1531,0
美食,烘焙糕点,面包,深圳,1,813,7,2,1532,1
美食,快餐,中式快餐,北京,10,319,18,3,1533,2
超市便利店,便利店,,温州,0,61,3,3,1534,1
超市便利店,超市,,温州,NaN,585,19,NaN,1535,1
超市便利店,便利店,,无锡,0,721,3,4,1536,1
美食,快餐,西式快餐,信阳,7,1025,15,3,1537,2
超市便利店,超市,,江门,0,1016,17,3,1538,1
美食,火锅,川味/重庆火锅,宁波,6,245,20,4,1539,2
美食,快餐,西式快餐,扬州,11,1153,11,2,1540,2
美食,快餐,西式快餐,长沙,4,718,14,2,1541,2
美食,快餐,西式快餐,厦门,3,471,9,3,1542,2
超市便利店,超市,,长沙,NaN,1138,18,NaN,1543,0
超市便利店,超市,,北京,0,273,18,2,1544,1
超市便利店,超市,,武汉,0,416,15,4,1545,1
美食,小吃,其它小吃,北京,2,331,18,4,1546,0
美食,中餐,其它地方菜,南京,3,434,20,2,1547,1
美食,快餐,中式快餐,沈阳,0,143,1,0,1548,0
美食,休闲食品,生鲜水果,杭州,1,901,10,3,1549,0
美食,休闲食品,生鲜水果,上海,1,950,7,2,1550,0
美食,快餐,中式快餐,上海,3,709,9,3,1551,2
美食,快餐,西式快餐,福州,4,876,8,2,1552,2
美食,快餐,西式快餐,南宁,9,793,13,3,1553,2
美食,小吃,面点,杭州,1,250,1,3,1554,0
美食,烘焙糕点,面包,南京,4,210,12,3,1555,2
美食,快餐,中式快餐,漳州,1,307,1,2,1556,0
美食,快餐,西式快餐,嘉兴,18,92,13,3,1557,2
美食,休闲茶饮,奶茶,杭州,2,1093,6,3,1558,0
美食,小吃,其它小吃,武汉,4,435,16,2,1559,2
美食,快餐,西式快餐,舟山,14,169,14,3,1560,2
美食,快餐,中式快餐,上海,1,924,12,2,1561,0
美食,休闲食品,零食,苏州,1,613,8,3,1562,0
美食,休闲食品,生鲜水果,苏州,1,1049,18,3,1563,0
美食,快餐,西式快餐,宁波,8,279,13,3,1564,2
美食,休闲食品,生鲜水果,杭州,1,865,12,3,1565,0
超市便利店,便利店,,北京,NaN,866,6,NaN,1566,0
美食,快餐,西式快餐,上海,1,642,17,4,1567,0
美食,快餐,西式快餐,武汉,13,831,12,3,1568,2
美食,休闲食品,生鲜水果,珠海,2,999,1,3,1569,0
超市便利店,便利店,,杭州,0,286,4,4,1570,1
美食,休闲茶饮,奶茶,温州,0,7,1,2,1571,0
美食,烘焙糕点,蛋糕,武汉,2,1024,11,3,1572,1
超市便利店,便利店,,绍兴,0,1063,4,4,1573,1
美食,快餐,西式快餐,无锡,5,896,12,3,1574,2
超市便利店,超市,,三明,NaN,409,16,NaN,1575,1
美食,快餐,西式快餐,佛山,5,698,7,3,1576,2
美食,快餐,西式快餐,沈阳,3,920,6,4,1577,2
美食,中餐,其它地方菜,郑州,0,1151,1,1,1578,0
美食,中餐,其它地方菜,南京,2,399,20,3,1579,0
超市便利店,超市,,苏州,0,389,20,3,1580,1
美食,休闲茶饮,饮品/甜点,重庆,5,803,8,3,1581,2
美食,快餐,西式快餐,苏州,6,306,11,3,1582,2
美食,快餐,西式快餐,上海,10,630,9,3,1583,2
超市便利店,超市,,上海,NaN,359,18,NaN,1584,0
美食,小吃,面点,北京,1,388,12,2,1585,0
美食,快餐,西式快餐,石河子,5,54,16,3,1586,2
美食,烘焙糕点,蛋糕,宁德,1,1133,16,3,1587,0
美食,快餐,西式快餐,佛山,5,292,8,3,1588,2
美食,休闲茶饮,奶茶,上海,3,1003,6,4,1589,0
美食,休闲食品,生鲜水果,杭州,2,1046,8,2,1590,2
美食,快餐,中式快餐,成都,2,151,5,3,1591,0
美食,快餐,西式快餐,郑州,6,799,13,3,1592,2
美食,快餐,西式快餐,绵阳,6,241,13,2,1593,2
美食,快餐,西式快餐,上海,3,1032,13,2,1594,1
美食,中餐,其它地方菜,福州,2,226,19,2,1595,0
美食,小吃,面点,南京,2,583,1,3,1596,0
美食,快餐,中式快餐,深圳,1,195,4,1,1597,0
超市便利店,便利店,,石家庄,0,879,3,3,1598,1
美食,小吃,其它小吃,上海,1,554,15,3,1599,0
美食,快餐,中式快餐,广州,2,552,16,1,1600,0
美食,休闲食品,生鲜水果,杭州,1,40,14,3,1601,2
美食,快餐,西式快餐,常州,5,452,12,3,1602,2
美食,小吃,其它小吃,南京,3,1126,8,3,1603,0
美食,休闲食品,零食,武汉,1,905,17,3,1604,2
超市便利店,超市,,宁波,0,133,18,2,1605,1
美食,中餐,其它地方菜,广州,3,552,16,2,1606,0
美食,快餐,西式快餐,南通,1,238,15,3,1607,1
美食,休闲食品,生鲜水果,昆明,1,509,3,2,1608,0
美食,休闲食品,生鲜水果,杭州,3,124,13,3,1609,2
美食,烘焙糕点,蛋糕,杭州,2,378,5,3,1610,0
超市便利店,超市,,沈阳,NaN,475,19,NaN,1611,1
超市便利店,便利店,,武汉,NaN,606,4,NaN,1612,0
超市便利店,便利店,,上海,NaN,341,3,NaN,1613,1
超市便利店,超市,,东莞,0,771,18,4,1614,0
超市便利店,便利店,,上海,0,900,1,4,1615,1
超市便利店,超市,,上海,NaN,833,18,NaN,1616,1
超市便利店,便利店,,广州,0,746,2,4,1617,1
美食,快餐,西式快餐,深圳,9,12,14,2,1618,2
美食,休闲茶饮,奶茶,上海,4,501,6,3,1619,0
美食,快餐,中式快餐,厦门,0,1107,2,1,1620,0
美食,休闲茶饮,饮品/甜点,广州,3,710,1,3,1621,0
超市便利店,便利店,,上海,NaN,882,5,NaN,1622,1
美食,快餐,西式快餐,常州,20,121,12,3,1623,2
美食,快餐,西式快餐,杭州,20,621,13,3,1624,2
超市便利店,超市,,无锡,NaN,1060,11,NaN,1625,0
美食,其他美食,自助餐,杭州,2,280,5,3,1626,0
美食,快餐,西式快餐,南京,7,972,8,3,1627,2
美食,中餐,江浙菜,杭州,3,1094,9,2,1628,2
超市便利店,超市,,苏州,2,1147,20,3,1629,1
美食,小吃,其它小吃,南京,1,953,5,3,1630,0
美食,休闲食品,生鲜水果,广州,6,335,4,2,1631,0
超市便利店,便利店,,武汉,NaN,510,4,NaN,1632,0
美食,汤/粥/煲/砂锅/炖菜,砂锅/煲类/炖菜,重庆,5,178,6,3,1633,0
超市便利店,超市,,苏州,0,1026,8,3,1634,1
美食,休闲茶饮,饮品/甜点,泰州,2,785,12,3,1635,2
美食,快餐,中式快餐,北京,2,137,6,3,1636,0
美食,快餐,中式快餐,上海,3,882,5,1,1637,0
美食,烘焙糕点,蛋糕,上海,2,694,10,3,1638,0
美食,其他美食,西餐,上海,3,1054,20,2,1639,2
美食,休闲食品,生鲜水果,上海,1,1061,8,2,1640,0
美食,小吃,米粉/米线,杭州,1,280,14,3,1641,0
美食,烘焙糕点,其它烘焙糕点,广州,5,552,7,3,1642,0
美食,快餐,西式快餐,东莞,3,162,7,3,1643,2
美食,烘焙糕点,面包,广州,7,11,13,3,1644,2
美食,休闲茶饮,奶茶,南京,2,161,5,3,1645,0
美食,快餐,西式快餐,玉林,7,1089,15,2,1646,2
美食,快餐,西式快餐,上海,12,457,12,3,1647,2
超市便利店,超市,,宁波,NaN,1051,15,NaN,1648,0
美食,快餐,西式快餐,宜昌,4,483,13,2,1649,2
美食,休闲茶饮,咖啡,重庆,1,748,1,2,1650,0
美食,快餐,西式快餐,广州,4,47,10,2,1651,2
美食,烘焙糕点,面包,广州,1,448,8,3,1652,0
超市便利店,超市,,苏州,NaN,1142,17,NaN,1653,0
美食,中餐,其它地方菜,广州,2,552,20,1,1654,0
美食,快餐,中式快餐,广州,2,552,14,2,1655,0
美食,小吃,其它小吃,杭州,1,521,9,3,1656,0
超市便利店,超市,,合肥,NaN,254,9,NaN,1657,0
美食,休闲茶饮,饮品/甜点,北京,10,713,7,4,1658,2
美食,快餐,中式快餐,嘉兴,4,302,11,2,1659,1
美食,快餐,西式快餐,南昌,5,351,16,1,1660,2
超市便利店,超市,,洛阳,NaN,189,18,NaN,1661,0
美食,快餐,西式快餐,广州,7,242,12,2,1662,2
超市便利店,超市,,南宁,0,636,17,3,1663,1
美食,小吃,其它小吃,广州,5,883,17,3,1664,2
超市便利店,超市,,南京,NaN,126,4,NaN,1665,0
超市便利店,超市,,襄阳,NaN,152,19,NaN,1666,1
美食,休闲茶饮,饮品/甜点,广州,15,552,7,3,1667,2
美食,休闲茶饮,饮品/甜点,上海,5,937,4,4,1668,0
超市便利店,超市,,苏州,NaN,412,16,NaN,1669,0
美食,火锅,川味/重庆火锅,南京,10,680,20,4,1670,2
美食,小吃,其它小吃,福州,0,651,9,2,1671,0
美食,小吃,其它小吃,武汉,6,831,16,3,1672,2
超市便利店,超市,,上海,NaN,616,18,NaN,1673,1
美食,小吃,其它小吃,温州,1,585,3,3,1674,0
美食,休闲茶饮,咖啡,杭州,1,850,13,3,1675,0
超市便利店,便利店,,杭州,0,286,4,4,1676,1
美食,火锅,川味/重庆火锅,济南,7,23,20,4,1677,2
美食,快餐,中式快餐,南京,1,1155,15,1,1678,0
美食,快餐,中式快餐,成都,2,345,7,1,1679,0
超市便利店,便利店,,武汉,NaN,1018,4,NaN,1680,0
美食,休闲茶饮,奶茶,苏州,1,48,4,3,1681,0
美食,快餐,西式快餐,济南,6,682,7,3,1682,2
美食,快餐,中式快餐,上海,2,626,17,2,1683,1
美食,烘焙糕点,面包,北京,2,610,9,3,1684,1
美食,快餐,中式快餐,北京,0,331,3,1,1685,0
超市便利店,便利店,,广州,0,251,2,3,1686,1
超市便利店,超市,,南京,NaN,623,18,NaN,1687,1
美食,快餐,中式快餐,珠海,1,999,2,3,1688,0
美食,快餐,西式快餐,广州,8,807,12,2,1689,2
美食,快餐,西式快餐,福州,8,122,7,3,1690,2
美食,休闲茶饮,饮品/甜点,厦门,1,955,2,2,1691,0
超市便利店,超市,,东莞,NaN,184,20,NaN,1692,1
美食,休闲食品,生鲜水果,苏州,2,663,6,2,1693,0
美食,休闲茶饮,饮品/甜点,杭州,0,740,3,2,1694,0
超市便利店,便利店,,上海,0,554,4,1,1695,1
超市便利店,便利店,,广州,0,867,3,4,1696,1
美食,休闲茶饮,奶茶,上海,3,921,5,3,1697,0
美食,快餐,中式快餐,武汉,0,209,1,1,1698,0
美食,快餐,中式快餐,上海,2,647,9,1,1699,2
美食,小吃,面点,武汉,1,435,3,2,1700,0
美食,快餐,中式快餐,深圳,4,79,9,3,1701,0
超市便利店,便利店,,温州,0,794,2,4,1702,1
美食,小吃,其它小吃,南京,2,971,15,1,1703,0
美食,快餐,西式快餐,上海,4,809,8,1,1704,0
美食,休闲茶饮,奶茶,上海,2,545,4,4,1705,0
超市便利店,便利店,,北京,NaN,328,3,NaN,1706,0
美食,小吃,面点,杭州,2,485,1,3,1707,0
超市便利店,便利店,,温州,0,14,3,3,1708,1
超市便利店,便利店,,上海,0,1033,4,4,1709,1
超市便利店,超市,,武汉,0,510,17,4,1710,1
超市便利店,便利店,,杭州,0,378,3,3,1711,1
美食,快餐,西式快餐,深圳,4,594,7,2,1712,2
美食,烘焙糕点,面包,杭州,1,110,10,3,1713,0
美食,快餐,中式快餐,深圳,2,1068,3,0,1714,0
美食,火锅,其它火锅,深圳,1,733,20,2,1715,1
美食,小吃,面点,杭州,3,378,7,3,1716,0
超市便利店,超市,,重庆,NaN,347,19,NaN,1717,1
美食,小吃,熟食,南京,2,680,10,3,1718,1
美食,快餐,中式快餐,杭州,2,386,3,3,1719,0
美食,中餐,粤菜,广州,13,155,10,2,1720,1
美食,中餐,其它地方菜,成都,1,508,2,3,1721,0
超市便利店,超市,,十堰,NaN,1042,17,NaN,1722,0
美食,快餐,西式快餐,广州,5,295,8,3,1723,2
美食,小吃,面点,苏州,1,933,1,2,1724,0
美食,休闲茶饮,饮品/甜点,金华,2,201,2,4,1725,0
超市便利店,超市,,北京,NaN,588,19,NaN,1726,1
美食,快餐,中式快餐,北京,5,826,12,3,1727,0
超市便利店,便利店,,南京,NaN,680,4,NaN,1728,1
美食,休闲茶饮,奶茶,宁波,3,1132,8,4,1729,0
美食,其他美食,西餐,武汉,4,1030,19,2,1730,2
美食,快餐,中式快餐,北京,1,381,4,3,1731,0
美食,烘焙糕点,其它烘焙糕点,南京,4,17,12,3,1732,0
美食,休闲食品,其它休闲食品,成都,1,741,3,3,1733,0
超市便利店,便利店,,上海,0,329,3,4,1734,1
美食,快餐,西式快餐,北京,7,1066,14,4,1735,2
美食,快餐,西式快餐,营口,4,555,13,4,1736,2
美食,小吃,其它小吃,上海,1,417,12,3,1737,0
超市便利店,便利店,,福州,NaN,802,2,NaN,1738,0
美食,小吃,其它小吃,上海,2,609,10,2,1739,0
超市便利店,便利店,,深圳,NaN,1109,2,NaN,1740,1
超市便利店,超市,,大连,NaN,87,19,NaN,1741,0
美食,小吃,面点,上海,0,662,8,2,1742,0
超市便利店,超市,,成都,0,300,17,4,1743,1
美食,快餐,西式快餐,济南,9,24,14,4,1744,2
美食,快餐,西式快餐,杭州,20,287,13,3,1745,2
美食,快餐,中式快餐,上海,0,640,6,2,1746,1
美食,其他美食,日韩料理,厦门,1,59,19,2,1747,0
美食,快餐,西式快餐,黄山,7,986,13,3,1748,2
美食,烘焙糕点,面包,上海,0,544,11,3,1749,0
美食,快餐,西式快餐,宁波,6,410,12,3,1750,2
超市便利店,超市,,武汉,0,726,18,4,1751,1
超市便利店,超市,,台州,NaN,856,19,NaN,1752,1
超市便利店,便利店,,广州,0,36,2,3,1753,0
美食,休闲食品,生鲜水果,广州,1,448,12,3,1754,0
美食,休闲茶饮,奶茶,苏州,2,946,4,3,1755,0
美食,中餐,川菜,北京,5,135,16,3,1756,2
购物,本地购物,,天津,5,582,20,4,1757,0
美食,快餐,西式快餐,济南,5,682,12,3,1758,2
超市便利店,超市,,南京,NaN,311,5,NaN,1759,0
美食,休闲茶饮,饮品/甜点,泉州,6,444,9,3,1760,2
美食,其他美食,西餐,南京,4,399,20,2,1761,2
美食,快餐,中式快餐,北京,1,331,4,0,1762,0
美食,快餐,西式快餐,北京,10,160,12,3,1763,2
超市便利店,便利店,,北京,0,113,4,3,1764,0
美食,烘焙糕点,蛋糕,宁波,1,245,8,3,1765,0
超市便利店,便利店,,上海,0,148,5,4,1766,1
超市便利店,超市,,沈阳,NaN,909,19,NaN,1767,1
超市便利店,便利店,,广州,0,29,2,2,1768,0
美食,休闲茶饮,奶茶,温州,1,936,1,4,1769,0
超市便利店,超市,,西安,NaN,101,19,NaN,1770,1
美食,快餐,中式快餐,无锡,1,180,3,1,1771,0
美食,小吃,其它小吃,武汉,1,324,16,0,1772,0
超市便利店,超市,,广州,0,392,19,0,1773,1
超市便利店,便利店,,广州,0,808,4,4,1774,0
美食,快餐,西式快餐,杭州,18,895,12,3,1775,2
美食,快餐,西式快餐,上海,6,157,11,3,1776,2
美食,快餐,中式快餐,杭州,1,629,10,1,1777,0
超市便利店,超市,,台州,NaN,600,17,NaN,1778,0
美食,快餐,西式快餐,北京,11,86,10,3,1779,2
超市便利店,超市,,宁德,0,553,17,4,1780,1
美食,快餐,中式快餐,深圳,2,862,13,2,1781,1
超市便利店,便利店,,广州,NaN,867,2,NaN,1782,1
超市便利店,超市,,厦门,NaN,707,18,NaN,1783,1
美食,快餐,西式快餐,广州,11,36,8,2,1784,2
超市便利店,便利店,,广州,0,11,3,0,1785,0
美食,休闲茶饮,奶茶,绍兴,1,219,1,4,1786,0
美食,休闲茶饮,奶茶,杭州,1,386,2,4,1787,0
美食,汤/粥/煲/砂锅/炖菜,粥,绍兴,1,1040,3,4,1788,0
美食,快餐,中式快餐,武汉,1,606,4,2,1789,0
美食,快餐,西式快餐,北京,10,77,9,3,1790,2
美食,快餐,西式快餐,大连,6,13,12,3,1791,2
美食,休闲食品,零食,宁波,2,1051,17,3,1792,2
超市便利店,超市,,上海,NaN,554,13,NaN,1793,0
超市便利店,超市,,西安,NaN,1008,19,NaN,1794,1
美食,快餐,中式快餐,深圳,4,424,10,2,1795,0
美食,其他美食,日韩料理,南京,5,680,9,3,1796,0
美食,烘焙糕点,蛋糕,上海,1,1033,2,2,1797,1
美食,快餐,中式快餐,台州,0,5,10,3,1798,0
美食,休闲食品,生鲜水果,温州,1,1002,1,4,1799,0
美食,快餐,西式快餐,哈尔滨,4,514,16,1,1800,2
美食,其他美食,西餐,南京,5,399,20,2,1801,2
超市便利店,超市,,扬州,0,1011,18,0,1802,1
美食,休闲食品,生鲜水果,南通,2,1090,4,3,1803,0
美食,快餐,西式快餐,苏州,8,654,15,3,1804,2
美食,快餐,西式快餐,惠州,6,83,12,2,1805,2
超市便利店,便利店,,北京,0,51,5,4,1806,0
美食,快餐,西式快餐,金华,12,735,15,3,1807,2
美食,小吃,面点,漳州,0,307,2,3,1808,0
美食,快餐,西式快餐,北京,9,1043,11,2,1809,2
美食,休闲食品,零食,福州,1,425,8,3,1810,0
超市便利店,便利店,,广州,0,911,3,4,1811,0
美食,快餐,西式快餐,西安,4,2,14,3,1812,2
美食,休闲茶饮,奶茶,南京,1,231,3,3,1813,0
美食,快餐,中式快餐,南京,1,575,7,0,1814,0
超市便利店,便利店,,上海,0,643,3,4,1815,1
美食,休闲茶饮,咖啡,广州,1,883,16,1,1816,0
美食,快餐,西式快餐,广州,10,335,10,2,1817,2
美食,休闲食品,其它休闲食品,绍兴,1,634,2,4,1818,0
美食,快餐,中式快餐,无锡,2,177,12,2,1819,1
美食,快餐,西式快餐,宁波,8,299,13,3,1820,2
超市便利店,超市,,无锡,0,177,19,3,1821,1
美食,快餐,中式快餐,广州,1,853,7,1,1822,0
美食,火锅,川味/重庆火锅,广州,8,36,20,4,1823,2
美食,休闲食品,零食,武汉,1,416,17,3,1824,2
美食,快餐,中式快餐,西安,0,1073,2,0,1825,0
超市便利店,超市,,重庆,NaN,532,19,NaN,1826,1
美食,小吃,面点,上海,1,153,16,3,1827,0
美食,休闲茶饮,奶茶,广州,3,392,5,3,1828,0
美食,快餐,西式快餐,广州,14,459,11,2,1829,2
美食,快餐,西式快餐,孝感,4,20,15,2,1830,2
美食,快餐,中式快餐,深圳,5,105,3,0,1831,0
超市便利店,超市,,绍兴,NaN,219,17,NaN,1832,0
超市便利店,超市,,东莞,0,271,17,4,1833,0
超市便利店,便利店,,青岛,0,949,6,4,1834,1
美食,休闲茶饮,咖啡,上海,1,642,16,3,1835,0
超市便利店,超市,,芜湖,NaN,384,17,NaN,1836,1
美食,快餐,西式快餐,北京,5,1101,13,3,1837,2
超市便利店,超市,,南京,NaN,500,16,NaN,1838,0
超市便利店,超市,,武汉,0,892,17,3,1839,1
美食,小吃,其它小吃,北京,3,580,17,3,1840,2
美食,快餐,中式快餐,上海,1,91,9,2,1841,2
美食,休闲食品,生鲜水果,杭州,2,1094,4,3,1842,0
超市便利店,便利店,,上海,NaN,341,3,NaN,1843,1
美食,快餐,西式快餐,金华,4,136,10,3,1844,2
超市便利店,超市,,苏州,NaN,496,7,NaN,1845,0
美食,快餐,中式快餐,上海,2,694,7,3,1846,2
超市便利店,个人护理,,武汉,0,290,16,1,1847,0
超市便利店,超市,,通辽,NaN,1039,18,NaN,1848,1
超市便利店,便利店,,温州,0,71,3,4,1849,1
超市便利店,超市,,石家庄,0,879,17,3,1850,0
美食,快餐,中式快餐,成都,1,732,7,2,1851,0
超市便利店,超市,,南京,0,461,15,4,1852,1
美食,快餐,西式快餐,北京,5,114,8,3,1853,2
超市便利店,超市,,苏州,NaN,22,9,NaN,1854,0
超市便利店,便利店,,杭州,NaN,261,2,NaN,1855,0
美食,小吃,米粉/米线,深圳,2,991,7,2,1856,0
美食,快餐,中式快餐,福州,1,802,2,2,1857,0
美食,快餐,中式快餐,武汉,1,676,3,2,1858,0
美食,快餐,西式快餐,广州,11,853,10,2,1859,2
美食,休闲茶饮,奶茶,上海,3,697,5,3,1860,2
美食,休闲茶饮,奶茶,杭州,4,1093,4,3,1861,2
美食,休闲茶饮,冰激凌,上海,2,937,9,3,1862,1
美食,小吃,面点,杭州,0,485,7,3,1863,0
超市便利店,便利店,,南京,0,680,3,4,1864,1
美食,小吃,其它小吃,杭州,2,250,18,1,1865,0
美食,休闲食品,生鲜水果,重庆,0,116,1,3,1866,0
美食,中餐,海鲜,宁波,1,436,14,3,1867,0
美食,休闲茶饮,饮品/甜点,福州,3,41,12,3,1868,2
超市便利店,超市,,阳江,NaN,863,18,NaN,1869,1
美食,快餐,中式快餐,上海,2,662,15,2,1870,1
美食,快餐,西式快餐,济宁,4,989,13,3,1871,2
超市便利店,超市,,绍兴,NaN,1063,18,NaN,1872,1
美食,小吃,其它小吃,杭州,1,182,2,4,1873,0
美食,快餐,西式快餐,南通,8,525,16,2,1874,2
超市便利店,便利店,,上海,0,1127,2,3,1875,1
美食,快餐,西式快餐,武汉,9,581,9,3,1876,2
美食,休闲茶饮,饮品/甜点,福州,5,1075,9,3,1877,2
美食,休闲食品,生鲜水果,福州,1,851,2,2,1878,0
超市便利店,超市,,宁波,0,891,15,4,1879,0
美食,烘焙糕点,蛋糕,南京,3,73,13,4,1880,0
美食,火锅,其它火锅,福州,2,408,1,1,1881,0
美食,快餐,西式快餐,南通,9,998,15,3,1882,2
美食,火锅,川味/重庆火锅,苏州,3,63,20,4,1883,2
美食,快餐,西式快餐,苏州,7,990,12,3,1884,2
美食,快餐,西式快餐,北京,5,77,10,3,1885,2
超市便利店,超市,,上海,0,358,16,4,1886,1
美食,休闲茶饮,奶茶,上海,5,694,5,3,1887,2
超市便利店,便利店,,广州,0,67,3,4,1888,0
美食,快餐,中式快餐,北京,0,916,5,3,1889,0
超市便利店,便利店,,上海,0,1032,4,4,1890,1
美食,快餐,中式快餐,福州,1,226,16,0,1891,0
美食,休闲茶饮,奶茶,杭州,3,749,3,3,1892,2
美食,火锅,其它火锅,深圳,2,558,19,1,1893,0
超市便利店,便利店,,北京,0,855,3,4,1894,0
美食,烘焙糕点,面包,广州,5,270,5,2,1895,0
美食,休闲食品,生鲜水果,杭州,1,485,6,3,1896,0
美食,中餐,东北菜,温州,1,936,1,3,1897,0
美食,快餐,西式快餐,杭州,10,1094,10,3,1898,2
美食,快餐,中式快餐,合肥,1,1083,2,3,1899,0
超市便利店,便利店,,青岛,0,323,5,4,1900,0
超市便利店,超市,,青岛,NaN,1009,19,NaN,1901,0
美食,休闲食品,生鲜水果,杭州,2,363,11,3,1902,0
美食,快餐,西式快餐,绍兴,14,1063,14,3,1903,2
美食,烘焙糕点,面包,宁波,1,207,1,3,1904,0
超市便利店,便利店,,武汉,NaN,1007,3,NaN,1905,0
超市便利店,超市,,郑州,NaN,736,18,NaN,1906,1
超市便利店,便利店,,深圳,0,706,3,4,1907,0
美食,中餐,湖北菜,武汉,1,1024,20,1,1908,0
美食,烘焙糕点,面包,武汉,2,416,4,3,1909,0
超市便利店,超市,,北京,0,1146,6,0,1910,1
美食,火锅,川味/重庆火锅,天津,8,625,20,4,1911,2
美食,快餐,西式快餐,无锡,9,115,12,3,1912,2
美食,烘焙糕点,蛋糕,天津,3,728,11,4,1913,2
超市便利店,超市,,南京,NaN,680,7,NaN,1914,0
美食,快餐,中式快餐,北京,3,322,10,3,1915,0
超市便利店,便利店,,温州,NaN,585,3,NaN,1916,1
美食,烘焙糕点,面包,绍兴,2,1063,16,4,1917,0
美食,休闲食品,生鲜水果,长沙,3,967,2,4,1918,0
美食,快餐,西式快餐,南宁,5,820,14,3,1919,2
超市便利店,便利店,,广州,0,57,2,3,1920,0
超市便利店,超市,,泉州,0,34,17,4,1921,1
超市便利店,超市,,广州,0,932,18,3,1922,1
美食,烘焙糕点,面包,上海,3,643,11,2,1923,1
美食,快餐,西式快餐,阜阳,9,342,14,1,1924,2
超市便利店,超市,,大连,0,87,19,4,1925,1
美食,中餐,粤菜,深圳,5,332,6,1,1926,1
美食,休闲食品,生鲜水果,大连,1,340,2,3,1927,0
美食,快餐,西式快餐,杭州,20,629,15,2,1928,2
超市便利店,便利店,,厦门,NaN,364,2,NaN,1929,0
美食,快餐,中式快餐,上海,2,993,7,2,1930,2
美食,快餐,中式快餐,深圳,4,1109,4,0,1931,0
超市便利店,超市,,苏州,NaN,530,11,NaN,1932,0
美食,火锅,其它火锅,北京,3,135,18,3,1933,2
美食,快餐,西式快餐,衢州,7,440,15,2,1934,2
美食,休闲食品,生鲜水果,嘉兴,3,393,2,3,1935,0
美食,快餐,西式快餐,上海,7,584,14,2,1936,2
超市便利店,超市,,长沙,NaN,724,15,NaN,1937,0
美食,火锅,其它火锅,南京,3,399,19,2,1938,2
超市便利店,超市,,北京,0,268,19,4,1939,1
美食,快餐,西式快餐,佛山,6,292,11,2,1940,2
美食,烘焙糕点,面包,南京,4,215,13,4,1941,2
美食,快餐,西式快餐,徐州,7,125,15,3,1942,2
美食,烘焙糕点,蛋糕,武汉,5,1017,2,4,1943,0
超市便利店,超市,,上海,NaN,627,16,NaN,1944,1
美食,休闲茶饮,饮品/甜点,北京,13,502,6,4,1945,2
超市便利店,超市,,贵阳,NaN,712,19,NaN,1946,0
超市便利店,便利店,,石家庄,0,873,2,4,1947,1
超市便利店,超市,,上海,NaN,168,17,NaN,1948,0
美食,休闲食品,生鲜水果,杭州,0,411,11,4,1949,0
超市便利店,超市,,苏州,NaN,431,19,NaN,1950,1
美食,快餐,西式快餐,金华,9,843,15,3,1951,2
美食,休闲茶饮,饮品/甜点,莆田,2,1102,12,2,1952,2
美食,火锅,川味/重庆火锅,广州,1,335,19,2,1953,0
超市便利店,超市,,广州,0,746,18,4,1954,1
美食,快餐,西式快餐,上海,8,185,12,3,1955,2
超市便利店,便利店,,杭州,0,631,3,1,1956,1
超市便利店,便利店,,上海,NaN,554,4,NaN,1957,1
美食,休闲食品,生鲜水果,沈阳,3,445,9,3,1958,0
美食,休闲食品,零食,杭州,2,773,3,3,1959,0
美食,休闲茶饮,饮品/甜点,烟台,9,556,7,4,1960,2
超市便利店,超市,,广州,NaN,36,6,NaN,1961,0
美食,休闲食品,其它休闲食品,苏州,3,449,15,3,1962,0
超市便利店,便利店,,温州,0,585,3,4,1963,1
美食,快餐,其它快餐,杭州,0,405,8,2,1964,0
美食,休闲食品,生鲜水果,苏州,3,496,8,2,1965,0
美食,小吃,其它小吃,杭州,1,378,5,2,1966,0
超市便利店,超市,,上海,0,1127,18,4,1967,1
美食,其他美食,日韩料理,上海,1,168,20,3,1968,0
美食,烘焙糕点,蛋糕,上海,2,833,7,3,1969,0
超市便利店,超市,,大连,0,1139,17,2,1970,0
美食,休闲茶饮,奶茶,上海,4,642,6,4,1971,0
美食,快餐,西式快餐,广州,5,842,14,2,1972,2
超市便利店,超市,,武汉,0,285,8,4,1973,1
美食,休闲茶饮,奶茶,上海,3,1127,6,4,1974,0
美食,烘焙糕点,蛋糕,绍兴,6,418,9,3,1975,0
美食,小吃,其它小吃,湖州,3,819,7,2,1976,0
美食,快餐,中式快餐,南昌,3,774,6,3,1977,0
美食,烘焙糕点,面包,南京,2,680,8,3,1978,0
美食,快餐,其它快餐,天津,3,462,15,4,1979,0
超市便利店,超市,,自贡,0,1121,17,4,1980,1
美食,休闲食品,生鲜水果,南昌,0,774,2,2,1981,0
美食,快餐,中式快餐,潍坊,1,661,3,2,1982,0
美食,烘焙糕点,其它烘焙糕点,济南,0,318,1,4,1983,0
美食,快餐,中式快餐,杭州,1,1059,7,2,1984,0
美食,快餐,西式快餐,上海,17,1036,15,2,1985,2
美食,快餐,西式快餐,广州,8,60,13,2,1986,2
美食,休闲茶饮,奶茶,杭州,3,850,5,4,1987,0
超市便利店,超市,,佛山,NaN,559,18,NaN,1988,1
美食,快餐,西式快餐,绍兴,2,870,15,3,1989,2
美食,快餐,西式快餐,郑州,9,550,12,3,1990,2
超市便利店,便利店,,上海,0,1127,5,4,1991,1
超市便利店,超市,,安康,NaN,118,19,NaN,1992,1
美食,休闲茶饮,奶茶,南昌,0,179,4,3,1993,0
美食,烘焙糕点,面包,上海,3,478,13,3,1994,2
超市便利店,超市,,苏州,NaN,780,16,NaN,1995,0
美食,快餐,中式快餐,南宁,1,248,6,3,1996,0
美食,快餐,中式快餐,上海,2,924,10,1,1997,0
美食,小吃,面点,南通,2,1090,1,2,1998,0
超市便利店,超市,,成都,NaN,1134,19,NaN,1999,1
美食,小吃,面点,杭州,2,378,7,3,2000,0
